Date,Open,High,Low,Close,AdjustedClose,Volume
11/12/21,4655.24,4688.47,4650.77,4682.85,4682.85,2865790000
11/11/21,4659.39,4664.55,4648.31,4649.27,4649.27,2623140000
11/10/21,4670.26,4684.85,4630.86,4646.71,4646.71,3581630000
11/9/21,4707.25,4708.53,4670.87,4685.25,4685.25,3110230000
11/8/21,4701.48,4714.92,4694.39,4701.7,4701.7,3465720000
11/5/21,4699.26,4718.5,4681.32,4697.53,4697.53,3491150000
11/4/21,4662.93,4683,4662.59,4680.06,4680.06,3332940000
11/3/21,4630.65,4663.46,4621.19,4660.57,4660.57,3339440000
11/2/21,4613.34,4635.15,4613.34,4630.65,4630.65,3309690000
11/1/21,4610.62,4620.34,4595.06,4613.67,4613.67,2924000000
10/29/21,4572.87,4608.08,4567.59,4605.38,4605.38,3632260000
10/28/21,4562.84,4597.55,4562.84,4596.42,4596.42,3197560000
10/27/21,4580.22,4584.57,4551.66,4551.68,4551.68,3259510000
10/26/21,4578.69,4598.53,4569.17,4574.79,4574.79,2866500000
10/25/21,4553.69,4572.62,4537.36,4566.48,4566.48,3250210000
10/22/21,4546.12,4559.67,4524,4544.9,4544.9,3062810000
10/21/21,4532.24,4551.44,4526.89,4549.78,4549.78,3016950000
10/20/21,4524.42,4540.87,4524.4,4536.19,4536.19,2671560000
10/19/21,4497.34,4520.4,4496.41,4519.63,4519.63,2531210000
10/18/21,4463.72,4488.75,4447.47,4486.46,4486.46,2683540000
10/15/21,4447.69,4475.82,4447.69,4471.37,4471.37,3000560000
10/14/21,4386.75,4439.73,4386.75,4438.26,4438.26,2642920000
10/13/21,4358.01,4372.87,4329.92,4363.8,4363.8,2926460000
10/12/21,4368.31,4374.89,4342.09,4350.65,4350.65,2608150000
10/11/21,4385.44,4415.88,4360.59,4361.19,4361.19,2580000000
10/8/21,4406.51,4412.02,4386.22,4391.34,4391.34,2401890000
10/7/21,4383.73,4429.97,4383.73,4399.76,4399.76,3096080000
10/6/21,4319.57,4365.57,4290.49,4363.55,4363.55,3219590000
10/5/21,4309.87,4369.23,4309.87,4345.72,4345.72,2967400000
10/4/21,4348.84,4355.51,4278.94,4300.46,4300.46,3110560000
10/1/21,4317.16,4375.19,4288.52,4357.04,4357.04,3148980000
9/30/21,4370.67,4382.55,4306.24,4307.54,4307.54,3123770000
9/29/21,4362.41,4385.57,4355.08,4359.46,4359.46,2753800000
9/28/21,4419.54,4419.54,4346.33,4352.63,4352.63,3495970000
9/27/21,4442.12,4457.3,4436.19,4443.11,4443.11,3032870000
9/24/21,4438.04,4463.12,4430.27,4455.48,4455.48,2772090000
9/23/21,4406.75,4465.4,4406.75,4448.98,4448.98,2833290000
9/22/21,4367.43,4416.75,4367.43,4395.64,4395.64,3273670000
9/21/21,4374.45,4394.87,4347.96,4354.19,4354.19,3044300000
9/20/21,4402.95,4402.95,4305.91,4357.73,4357.73,3773680000
9/17/21,4469.74,4471.52,4427.76,4432.99,4432.99,5622210000
9/16/21,4477.09,4485.87,4443.8,4473.75,4473.75,3321030000
9/15/21,4447.49,4486.87,4438.37,4480.7,4480.7,3154760000
9/14/21,4479.33,4485.68,4435.46,4443.05,4443.05,2568730000
9/13/21,4474.81,4492.99,4445.7,4468.73,4468.73,3096390000
9/10/21,4506.92,4520.47,4457.66,4458.58,4458.58,2851140000
9/9/21,4513.02,4529.9,4492.07,4493.28,4493.28,3035300000
9/8/21,4518.09,4521.79,4493.95,4514.07,4514.07,2808480000
9/7/21,4535.38,4535.38,4513,4520.03,4520.03,3098870000
9/3/21,4532.42,4541.45,4521.3,4535.43,4535.43,2609660000
9/2/21,4534.48,4545.85,4524.66,4536.95,4536.95,2897010000
9/1/21,4528.8,4537.11,4522.02,4524.09,4524.09,3101830000
8/31/21,4529.75,4531.39,4515.8,4522.68,4522.68,3090380000
8/30/21,4513.76,4537.36,4513.76,4528.79,4528.79,2557300000
8/27/21,4474.1,4513.33,4474.1,4509.37,4509.37,2862360000
8/26/21,4493.75,4495.9,4468.99,4470,4470,2704600000
8/25/21,4490.45,4501.71,4485.66,4496.19,4496.19,2554680000
8/24/21,4484.4,4492.81,4482.28,4486.23,4486.23,3037770000
8/23/21,4450.29,4489.88,4450.29,4479.53,4479.53,2965520000
8/20/21,4410.56,4444.35,4406.8,4441.67,4441.67,2867770000
8/19/21,4382.44,4418.61,4367.73,4405.8,4405.8,3120840000
8/18/21,4440.94,4454.32,4397.59,4400.27,4400.27,2965210000
8/17/21,4462.12,4462.12,4417.83,4448.08,4448.08,2884000000
8/16/21,4461.65,4480.26,4437.66,4479.71,4479.71,2707170000
8/13/21,4464.84,4468.37,4460.82,4468,4468,2371630000
8/12/21,4446.08,4461.77,4435.96,4460.83,4460.83,2543860000
8/11/21,4442.18,4449.44,4436.42,4442.41,4442.41,2803060000
8/10/21,4435.79,4445.21,4430.03,4436.75,4436.75,3219840000
8/9/21,4437.77,4439.39,4424.74,4432.35,4432.35,2779880000
8/6/21,4429.07,4440.82,4429.07,4436.52,4436.52,2839970000
8/5/21,4408.86,4429.76,4408.86,4429.1,4429.1,2734220000
8/4/21,4415.95,4416.17,4400.23,4402.66,4402.66,3382620000
8/3/21,4392.74,4423.79,4373,4423.15,4423.15,3305340000
8/2/21,4406.86,4422.18,4384.81,4387.16,4387.16,2919940000
7/30/21,4395.12,4412.25,4389.65,4395.26,4395.26,2861600000
7/29/21,4403.59,4429.97,4403.59,4419.15,4419.15,2815510000
7/28/21,4402.95,4415.47,4387.01,4400.64,4400.64,3215130000
7/27/21,4416.38,4416.38,4372.51,4401.46,4401.46,3381080000
7/26/21,4409.58,4422.73,4405.45,4422.3,4422.3,2679110000
7/23/21,4381.2,4415.18,4381.2,4411.79,4411.79,3490730000
7/22/21,4361.27,4369.87,4350.06,4367.48,4367.48,2907910000
7/21/21,4331.13,4359.7,4331.13,4358.69,4358.69,3078550000
7/20/21,4265.11,4336.84,4262.05,4323.06,4323.06,3634190000
7/19/21,4296.4,4296.4,4233.13,4258.49,4258.49,4155790000
7/16/21,4367.43,4375.09,4322.53,4327.16,4327.16,3165160000
7/15/21,4369.02,4369.02,4340.7,4360.03,4360.03,3226930000
7/14/21,4380.11,4393.68,4362.36,4374.3,4374.3,3213870000
7/13/21,4381.07,4392.37,4366.92,4369.21,4369.21,3166900000
7/12/21,4372.41,4386.68,4364.03,4384.63,4384.63,2983980000
7/9/21,4329.38,4371.6,4329.38,4369.55,4369.55,2738280000
7/8/21,4321.07,4330.88,4289.37,4320.82,4320.82,3393780000
7/7/21,4351.01,4361.88,4329.79,4358.13,4358.13,3243900000
7/6/21,4356.46,4356.46,4314.37,4343.54,4343.54,3437900000
7/2/21,4326.6,4355.43,4326.6,4352.34,4352.34,2628550000
7/1/21,4300.73,4320.66,4300.73,4319.94,4319.94,3077580000
6/30/21,4290.65,4302.43,4287.96,4297.5,4297.5,3687880000
6/29/21,4293.21,4300.52,4287.04,4291.8,4291.8,3049560000
6/28/21,4284.9,4292.14,4274.67,4290.61,4290.61,3415610000
6/25/21,4274.45,4286.12,4271.16,4280.7,4280.7,6248390000
6/24/21,4256.97,4271.28,4256.97,4266.49,4266.49,3141680000
6/23/21,4249.27,4256.6,4241.43,4241.84,4241.84,3172440000
6/22/21,4224.61,4255.84,4217.27,4246.44,4246.44,3208760000
6/21/21,4173.4,4226.24,4173.4,4224.79,4224.79,3391740000
6/18/21,4204.78,4204.78,4164.4,4166.45,4166.45,6084980000
6/17/21,4220.37,4232.29,4196.05,4221.86,4221.86,3952110000
6/16/21,4248.87,4251.89,4202.45,4223.7,4223.7,3722050000
6/15/21,4255.28,4257.16,4238.35,4246.59,4246.59,3578450000
6/14/21,4248.31,4255.59,4234.07,4255.15,4255.15,3612050000
6/11/21,4242.9,4248.38,4232.25,4247.44,4247.44,3204280000
6/10/21,4228.56,4249.74,4220.34,4239.18,4239.18,3502480000
6/9/21,4232.99,4237.09,4218.74,4219.55,4219.55,3902870000
6/8/21,4233.81,4236.74,4208.41,4227.26,4227.26,3943870000
6/7/21,4229.34,4232.34,4215.66,4226.52,4226.52,3835570000
6/4/21,4206.05,4233.45,4206.05,4229.89,4229.89,3487070000
6/3/21,4191.43,4204.39,4167.93,4192.85,4192.85,4579450000
6/2/21,4206.82,4217.37,4198.27,4208.12,4208.12,4860930000
6/1/21,4216.52,4234.12,4197.59,4202.04,4202.04,4122960000
5/28/21,4210.77,4218.36,4203.57,4204.11,4204.11,4199270000
5/27/21,4201.94,4213.38,4197.78,4200.88,4200.88,5201110000
5/26/21,4191.59,4202.61,4184.11,4195.99,4195.99,3674490000
5/25/21,4205.94,4213.42,4182.52,4188.13,4188.13,3420870000
5/24/21,4170.16,4209.52,4170.16,4197.05,4197.05,2947400000
5/21/21,4168.61,4188.72,4151.72,4155.86,4155.86,3344620000
5/20/21,4121.97,4172.8,4121.97,4159.12,4159.12,3019060000
5/19/21,4098.45,4116.93,4061.41,4115.68,4115.68,3485550000
5/18/21,4165.94,4169.15,4125.99,4127.83,4127.83,3559790000
5/17/21,4169.92,4171.92,4142.69,4163.29,4163.29,3307130000
5/14/21,4129.58,4183.13,4129.58,4173.85,4173.85,3251920000
5/13/21,4074.99,4131.58,4074.99,4112.5,4112.5,3687780000
5/12/21,4130.55,4134.73,4056.88,4063.04,4063.04,3735080000
5/11/21,4150.34,4162.04,4111.53,4152.1,4152.1,3593110000
5/10/21,4228.29,4236.39,4188.13,4188.43,4188.43,3678970000
5/7/21,4210.34,4238.04,4201.64,4232.6,4232.6,4013060000
5/6/21,4169.14,4202.7,4147.33,4201.62,4201.62,4504860000
5/5/21,4177.06,4187.72,4160.94,4167.59,4167.59,4029050000
5/4/21,4179.04,4179.04,4128.59,4164.66,4164.66,4441080000
5/3/21,4191.98,4209.39,4188.03,4192.66,4192.66,4061170000
4/30/21,4198.1,4198.1,4174.85,4181.17,4181.17,4273680000
4/29/21,4206.14,4218.78,4176.81,4211.47,4211.47,4288940000
4/28/21,4185.14,4201.53,4181.78,4183.18,4183.18,3772390000
4/27/21,4188.25,4193.35,4176.22,4186.72,4186.72,3703240000
4/26/21,4185.03,4194.19,4182.36,4187.62,4187.62,3738920000
4/23/21,4138.78,4194.17,4138.78,4180.17,4180.17,3568080000
4/22/21,4170.46,4179.57,4123.69,4134.98,4134.98,4235040000
4/21/21,4128.42,4175.02,4126.35,4173.42,4173.42,3865820000
4/20/21,4159.18,4159.18,4118.38,4134.94,4134.94,4338230000
4/19/21,4179.8,4180.81,4150.47,4163.26,4163.26,3788020000
4/16/21,4174.14,4191.31,4170.75,4185.47,4185.47,4157430000
4/15/21,4139.76,4173.49,4139.76,4170.42,4170.42,4027680000
4/14/21,4141.58,4151.69,4120.87,4124.66,4124.66,3976540000
4/13/21,4130.1,4148,4124.43,4141.59,4141.59,3728440000
4/12/21,4124.71,4131.76,4114.82,4127.99,4127.99,3578500000
4/9/21,4096.11,4129.48,4095.51,4128.8,4128.8,3634910000
4/8/21,4089.95,4098.19,4082.54,4097.17,4097.17,3901910000
4/7/21,4074.29,4083.13,4068.31,4079.95,4079.95,4112640000
4/6/21,4075.57,4086.23,4068.14,4073.94,4073.94,4027880000
4/5/21,4034.44,4083.42,4034.44,4077.91,4077.91,3999760000
4/1/21,3992.78,4020.63,3992.78,4019.87,4019.87,4151240000
3/31/21,3967.25,3994.41,3966.98,3972.89,3972.89,4564980000
3/30/21,3963.34,3968.01,3944.35,3958.55,3958.55,4103570000
3/29/21,3969.31,3981.83,3943.25,3971.09,3971.09,4619840000
3/26/21,3917.12,3978.19,3917.12,3974.54,3974.54,5467850000
3/25/21,3879.34,3919.54,3853.5,3909.52,3909.52,4940800000
3/24/21,3919.93,3942.08,3889.07,3889.14,3889.14,4766990000
3/23/21,3937.6,3949.13,3901.57,3910.52,3910.52,4645340000
3/22/21,3916.48,3955.31,3914.16,3940.59,3940.59,4311380000
3/19/21,3913.14,3930.12,3886.75,3913.1,3913.1,7725050000
3/18/21,3953.5,3969.62,3910.86,3915.46,3915.46,4043170000
3/17/21,3949.57,3983.87,3935.74,3974.12,3974.12,4541620000
3/16/21,3973.59,3981.04,3953.44,3962.71,3962.71,4604870000
3/15/21,3942.96,3970.08,3923.54,3968.94,3968.94,4882190000
3/12/21,3924.52,3944.99,3915.21,3943.34,3943.34,4469240000
3/11/21,3915.54,3960.27,3915.54,3939.34,3939.34,5300010000
3/10/21,3891.99,3917.35,3885.73,3898.81,3898.81,5827250000
3/9/21,3851.93,3903.76,3851.93,3875.44,3875.44,5496340000
3/8/21,3844.39,3881.06,3819.25,3821.35,3821.35,5852240000
3/5/21,3793.58,3851.69,3730.19,3841.94,3841.94,6842570000
3/4/21,3818.53,3843.67,3723.34,3768.47,3768.47,7142240000
3/3/21,3863.99,3874.47,3818.86,3819.72,3819.72,6150790000
3/2/21,3903.64,3906.41,3868.57,3870.29,3870.29,5493690000
3/1/21,3842.51,3914.5,3842.51,3901.82,3901.82,5071540000
2/26/21,3839.66,3861.08,3789.54,3811.15,3811.15,6512950000
2/25/21,3915.8,3925.02,3814.04,3829.34,3829.34,6513060000
2/24/21,3873.71,3928.65,3859.6,3925.43,3925.43,5942350000
2/23/21,3857.07,3895.98,3805.59,3881.37,3881.37,6280650000
2/22/21,3885.55,3902.92,3874.71,3876.5,3876.5,5870190000
2/19/21,3921.16,3930.41,3903.07,3906.71,3906.71,4823940000
2/18/21,3915.86,3921.98,3885.03,3913.97,3913.97,4773430000
2/17/21,3918.5,3933.61,3900.43,3931.33,3931.33,4718280000
2/16/21,3939.61,3950.43,3923.85,3932.59,3932.59,5037360000
2/12/21,3911.65,3937.23,3905.78,3934.83,3934.83,4119260000
2/11/21,3916.4,3925.99,3890.39,3916.38,3916.38,4570080000
2/10/21,3920.78,3931.5,3884.94,3909.88,3909.88,4815380000
2/9/21,3910.49,3918.35,3902.64,3911.23,3911.23,4554610000
2/8/21,3892.59,3915.77,3892.59,3915.59,3915.59,4635030000
2/5/21,3878.3,3894.56,3874.93,3886.83,3886.83,4838580000
2/4/21,3836.66,3872.42,3836.66,3871.74,3871.74,4856670000
2/3/21,3840.27,3847.51,3816.68,3830.17,3830.17,4846900000
2/2/21,3791.84,3843.09,3791.84,3826.31,3826.31,5495370000
2/1/21,3731.17,3784.32,3725.62,3773.86,3773.86,5392870000
1/29/21,3778.05,3778.05,3694.12,3714.24,3714.24,6612570000
1/28/21,3755.75,3830.5,3755.75,3787.38,3787.38,6937960000
1/27/21,3836.83,3836.83,3732.48,3750.77,3750.77,9878040000
1/26/21,3862.96,3870.9,3847.78,3849.62,3849.62,6029090000
1/25/21,3851.68,3859.23,3797.16,3855.36,3855.36,6955860000
1/22/21,3844.24,3852.31,3830.41,3841.47,3841.47,5080430000
1/21/21,3857.46,3861.45,3845.05,3853.07,3853.07,4484460000
1/20/21,3816.22,3859.75,3816.22,3851.85,3851.85,4551790000
1/19/21,3781.88,3804.53,3780.37,3798.91,3798.91,4982940000
1/15/21,3788.73,3788.73,3749.62,3768.25,3768.25,5353060000
1/14/21,3814.98,3823.6,3792.86,3795.54,3795.54,5180140000
1/13/21,3802.23,3820.96,3791.5,3809.84,3809.84,4590420000
1/12/21,3801.62,3810.78,3776.51,3801.19,3801.19,4977210000
1/11/21,3803.14,3817.86,3789.02,3799.61,3799.61,4450500000
1/8/21,3815.05,3826.69,3783.6,3824.68,3824.68,4764180000
1/7/21,3764.71,3811.55,3764.71,3803.79,3803.79,5080870000
1/6/21,3712.2,3783.04,3705.34,3748.14,3748.14,6049970000
1/5/21,3698.02,3737.83,3695.07,3726.86,3726.86,4582620000
1/4/21,3764.61,3769.99,3662.71,3700.65,3700.65,5006680000
12/31/20,3733.27,3760.2,3726.88,3756.07,3756.07,3172510000
12/30/20,3736.19,3744.63,3730.21,3732.04,3732.04,3145200000
12/29/20,3750.01,3756.12,3723.31,3727.04,3727.04,3387030000
12/28/20,3723.03,3740.51,3723.03,3735.36,3735.36,3527460000
12/24/20,3694.03,3703.82,3689.32,3703.06,3703.06,1885090000
12/23/20,3693.42,3711.24,3689.28,3690.01,3690.01,3772630000
12/22/20,3698.08,3698.26,3676.16,3687.26,3687.26,4023940000
12/21/20,3684.28,3702.9,3636.48,3694.92,3694.92,4732160000
12/18/20,3722.39,3726.7,3685.84,3709.41,3709.41,7068340000
12/17/20,3713.65,3725.12,3710.87,3722.48,3722.48,4184930000
12/16/20,3696.25,3711.27,3688.57,3701.17,3701.17,4056950000
12/15/20,3666.41,3695.29,3659.62,3694.62,3694.62,4360280000
12/14/20,3675.27,3697.61,3645.84,3647.49,3647.49,4594920000
12/11/20,3656.08,3665.91,3633.4,3663.46,3663.46,4367150000
12/10/20,3659.13,3678.49,3645.18,3668.1,3668.1,4618240000
12/9/20,3705.98,3712.39,3660.54,3672.82,3672.82,5209940000
12/8/20,3683.05,3708.45,3678.83,3702.25,3702.25,4549670000
12/7/20,3694.73,3697.41,3678.88,3691.96,3691.96,4788560000
12/4/20,3670.94,3699.2,3670.94,3699.12,3699.12,5086370000
12/3/20,3668.28,3682.73,3657.17,3666.72,3666.72,5091760000
12/2/20,3653.78,3670.96,3644.84,3669.01,3669.01,5029620000
12/1/20,3645.87,3678.45,3645.87,3662.45,3662.45,5403660000
11/30/20,3634.18,3634.18,3594.39,3621.63,3621.63,6291400000
11/27/20,3638.55,3644.31,3629.33,3638.35,3638.35,2778450000
11/25/20,3635.5,3635.5,3617.76,3629.65,3629.65,4902560000
11/24/20,3594.52,3642.31,3594.52,3635.41,3635.41,6267570000
11/23/20,3566.82,3589.81,3552.77,3577.59,3577.59,5036290000
11/20/20,3579.31,3581.23,3556.85,3557.54,3557.54,4218970000
11/19/20,3559.41,3585.22,3543.84,3581.87,3581.87,4347200000
11/18/20,3612.09,3619.09,3567.33,3567.79,3567.79,5274450000
11/17/20,3610.31,3623.11,3588.68,3609.53,3609.53,4799570000
11/16/20,3600.16,3628.51,3600.16,3626.91,3626.91,5281980000
11/13/20,3552.57,3593.66,3552.57,3585.15,3585.15,4709670000
11/12/20,3562.67,3569.02,3518.58,3537.01,3537.01,4890120000
11/11/20,3563.22,3581.16,3557,3572.66,3572.66,4609970000
11/10/20,3543.26,3557.22,3511.91,3545.53,3545.53,6024230000
11/9/20,3583.04,3645.99,3547.48,3550.5,3550.5,8556610000
11/6/20,3508.34,3521.58,3484.34,3509.44,3509.44,4833950000
11/5/20,3485.74,3529.05,3485.74,3510.45,3510.45,4841190000
11/4/20,3406.46,3486.25,3405.17,3443.44,3443.44,4783040000
11/3/20,3336.25,3389.49,3336.25,3369.16,3369.16,4220070000
11/2/20,3296.2,3330.14,3279.74,3310.24,3310.24,4310590000
10/30/20,3293.59,3304.93,3233.94,3269.96,3269.96,4840450000
10/29/20,3277.17,3341.05,3259.82,3310.11,3310.11,4903070000
10/28/20,3342.48,3342.48,3268.89,3271.03,3271.03,5129860000
10/27/20,3403.15,3409.51,3388.71,3390.68,3390.68,3946990000
10/26/20,3441.42,3441.42,3364.86,3400.97,3400.97,3988080000
10/23/20,3464.9,3466.46,3440.45,3465.39,3465.39,3646570000
10/22/20,3438.5,3460.53,3415.34,3453.49,3453.49,4163630000
10/21/20,3439.91,3464.86,3433.06,3435.56,3435.56,4097750000
10/20/20,3439.38,3476.93,3435.65,3443.12,3443.12,3901260000
10/19/20,3493.66,3502.42,3419.93,3426.92,3426.92,4086200000
10/16/20,3493.5,3515.76,3480.45,3483.81,3483.81,4675890000
10/15/20,3453.72,3489.08,3440.89,3483.34,3483.34,3717640000
10/14/20,3515.47,3527.94,3480.55,3488.67,3488.67,3840630000
10/13/20,3534.01,3534.01,3500.86,3511.93,3511.93,3605150000
10/12/20,3500.02,3549.85,3499.61,3534.22,3534.22,3428970000
10/9/20,3459.67,3482.34,3458.07,3477.14,3477.14,3939060000
10/8/20,3434.28,3447.28,3428.15,3446.83,3446.83,3856190000
10/7/20,3384.56,3426.26,3384.56,3419.44,3419.44,3807830000
10/6/20,3408.74,3431.56,3354.54,3360.97,3360.97,4443380000
10/5/20,3367.27,3409.57,3367.27,3408.6,3408.6,3686920000
10/2/20,3338.94,3369.1,3323.69,3348.42,3348.42,3961550000
10/1/20,3385.87,3397.18,3361.39,3380.8,3380.8,4070530000
9/30/20,3341.21,3393.56,3340.47,3363,3363,4722530000
9/29/20,3350.92,3357.92,3327.54,3335.47,3335.47,3651880000
9/28/20,3333.9,3360.74,3332.91,3351.6,3351.6,3946060000
9/25/20,3236.66,3306.88,3228.44,3298.46,3298.46,3792220000
9/24/20,3226.14,3278.7,3209.45,3246.59,3246.59,4599470000
9/23/20,3320.11,3323.35,3232.57,3236.92,3236.92,4364500000
9/22/20,3295.75,3320.31,3270.95,3315.57,3315.57,3963300000
9/21/20,3285.57,3285.57,3229.1,3281.06,3281.06,4828350000
9/18/20,3357.38,3362.27,3292.4,3319.47,3319.47,7068700000
9/17/20,3346.86,3375.17,3328.82,3357.01,3357.01,4371940000
9/16/20,3411.23,3428.92,3384.45,3385.49,3385.49,4710030000
9/15/20,3407.73,3419.48,3389.25,3401.2,3401.2,4051460000
9/14/20,3363.56,3402.93,3363.56,3383.54,3383.54,3832130000
9/11/20,3352.7,3368.95,3310.47,3340.97,3340.97,3704450000
9/10/20,3412.56,3425.55,3329.25,3339.19,3339.19,4192250000
9/9/20,3369.82,3424.77,3366.84,3398.96,3398.96,3920830000
9/8/20,3371.88,3379.97,3329.27,3331.84,3331.84,4665600000
9/4/20,3453.6,3479.15,3349.63,3426.96,3426.96,4431440000
9/3/20,3564.74,3564.85,3427.41,3455.06,3455.06,4898680000
9/2/20,3543.76,3588.11,3535.23,3580.84,3580.84,4285190000
9/1/20,3507.44,3528.03,3494.6,3526.65,3526.65,4083110000
8/31/20,3509.73,3514.77,3493.25,3500.31,3500.31,4342290000
8/28/20,3494.69,3509.23,3484.32,3508.01,3508.01,3855880000
8/27/20,3485.14,3501.38,3468.35,3484.55,3484.55,3929560000
8/26/20,3449.97,3481.07,3444.15,3478.73,3478.73,3754360000
8/25/20,3435.95,3444.21,3425.84,3443.62,3443.62,3619300000
8/24/20,3418.09,3432.09,3413.13,3431.28,3431.28,3728690000
8/21/20,3386.01,3399.96,3379.31,3397.16,3397.16,3705420000
8/20/20,3360.48,3390.8,3354.69,3385.51,3385.51,3642850000
8/19/20,3392.51,3399.54,3369.66,3374.85,3374.85,3884480000
8/18/20,3387.04,3395.06,3370.15,3389.78,3389.78,3881310000
8/17/20,3380.86,3387.59,3379.22,3381.99,3381.99,3671290000
8/14/20,3368.66,3378.51,3361.64,3372.85,3372.85,3193400000
8/13/20,3372.95,3387.24,3363.35,3373.43,3373.43,3648810000
8/12/20,3355.46,3387.89,3355.46,3380.35,3380.35,3768560000
8/11/20,3370.34,3381.01,3326.44,3333.69,3333.69,5087650000
8/10/20,3356.04,3363.29,3335.44,3360.47,3360.47,4318570000
8/7/20,3340.05,3352.54,3328.72,3351.28,3351.28,4104860000
8/6/20,3323.17,3351.03,3318.14,3349.16,3349.16,4267490000
8/5/20,3317.37,3330.77,3317.37,3327.77,3327.77,4732220000
8/4/20,3289.92,3306.84,3286.37,3306.51,3306.51,4621670000
8/3/20,3288.26,3302.73,3284.53,3294.61,3294.61,4643640000
7/31/20,3270.45,3272.17,3220.26,3271.12,3271.12,5117260000
7/30/20,3231.76,3250.92,3204.13,3246.22,3246.22,4254010000
7/29/20,3227.22,3264.74,3227.22,3258.44,3258.44,4676300000
7/28/20,3234.27,3243.72,3216.17,3218.44,3218.44,4027890000
7/27/20,3219.84,3241.43,3214.25,3239.41,3239.41,3963910000
7/24/20,3218.58,3227.26,3200.05,3215.63,3215.63,3894900000
7/23/20,3271.64,3279.99,3222.66,3235.66,3235.66,4290460000
7/22/20,3254.86,3279.32,3253.1,3276.02,3276.02,4255190000
7/21/20,3268.52,3277.29,3247.77,3257.3,3257.3,4547960000
7/20/20,3224.29,3258.61,3215.16,3251.84,3251.84,3971200000
7/17/20,3224.21,3233.52,3205.65,3224.73,3224.73,3993830000
7/16/20,3208.36,3220.39,3198.59,3215.57,3215.57,3961230000
7/15/20,3225.98,3238.28,3200.76,3226.56,3226.56,4669760000
7/14/20,3141.11,3200.95,3127.66,3197.52,3197.52,4476170000
7/13/20,3205.08,3235.32,3149.43,3155.22,3155.22,4890780000
7/10/20,3152.47,3186.82,3136.22,3185.04,3185.04,4515340000
7/9/20,3176.17,3179.78,3115.7,3152.05,3152.05,4829020000
7/8/20,3153.07,3171.8,3136.53,3169.94,3169.94,4927700000
7/7/20,3166.44,3184.15,3142.93,3145.32,3145.32,4563700000
7/6/20,3155.29,3182.59,3155.29,3179.72,3179.72,4736450000
7/2/20,3143.64,3165.81,3124.52,3130.01,3130.01,4190830000
7/1/20,3105.92,3128.44,3101.17,3115.86,3115.86,4443130000
6/30/20,3050.2,3111.51,3047.83,3100.29,3100.29,4696280000
6/29/20,3018.59,3053.89,2999.74,3053.24,3053.24,4462770000
6/26/20,3073.2,3073.73,3004.63,3009.05,3009.05,8098120000
6/25/20,3046.6,3086.25,3024.01,3083.76,3083.76,4815420000
6/24/20,3114.4,3115.01,3032.13,3050.33,3050.33,5587200000
6/23/20,3138.7,3154.9,3127.12,3131.29,3131.29,4704830000
6/22/20,3094.42,3120.92,3079.39,3117.86,3117.86,4665380000
6/19/20,3140.29,3155.53,3083.11,3097.74,3097.74,8327780000
6/18/20,3101.64,3120,3093.51,3115.34,3115.34,4429030000
6/17/20,3136.13,3141.16,3108.03,3113.49,3113.49,4549390000
6/16/20,3131,3153.45,3076.06,3124.74,3124.74,5829240000
6/15/20,2993.76,3079.76,2965.66,3066.59,3066.59,5740660000
6/12/20,3071.04,3088.42,2984.47,3041.31,3041.31,5832250000
6/11/20,3123.53,3123.53,2999.49,3002.1,3002.1,7018890000
6/10/20,3213.42,3223.27,3181.49,3190.14,3190.14,6570840000
6/9/20,3213.32,3222.71,3193.11,3207.18,3207.18,6382620000
6/8/20,3199.92,3233.13,3196,3232.39,3232.39,8437380000
6/5/20,3163.84,3211.72,3163.84,3193.93,3193.93,8617590000
6/4/20,3111.56,3128.91,3090.41,3112.35,3112.35,6428130000
6/3/20,3098.9,3130.94,3098.9,3122.87,3122.87,5989560000
6/2/20,3064.78,3081.07,3051.64,3080.82,3080.82,5187230000
6/1/20,3038.78,3062.18,3031.54,3055.73,3055.73,4673410000
5/29/20,3025.17,3049.17,2998.61,3044.31,3044.31,7275080000
5/28/20,3046.61,3068.67,3023.4,3029.73,3029.73,5402670000
5/27/20,3015.65,3036.25,2969.75,3036.13,3036.13,6371230000
5/26/20,3004.08,3021.72,2988.17,2991.77,2991.77,5837060000
5/22/20,2948.05,2956.76,2933.59,2955.45,2955.45,3952800000
5/21/20,2969.95,2978.5,2938.57,2948.51,2948.51,4966940000
5/20/20,2953.63,2980.29,2953.63,2971.61,2971.61,4992970000
5/19/20,2948.59,2964.21,2922.35,2922.94,2922.94,4969330000
5/18/20,2913.86,2968.09,2913.86,2953.91,2953.91,6364290000
5/15/20,2829.95,2865.01,2816.78,2863.7,2863.7,5477040000
5/14/20,2794.54,2852.8,2766.64,2852.5,2852.5,5641920000
5/13/20,2865.86,2874.14,2793.15,2820,2820,6143130000
5/12/20,2939.5,2945.82,2869.59,2870.12,2870.12,5107710000
5/11/20,2915.46,2944.25,2903.44,2930.19,2930.19,4807320000
5/8/20,2908.83,2932.16,2902.88,2929.8,2929.8,4857160000
5/7/20,2878.26,2901.92,2876.48,2881.19,2881.19,5164640000
5/6/20,2883.14,2891.11,2847.65,2848.42,2848.42,4861920000
5/5/20,2868.88,2898.23,2863.55,2868.44,2868.44,5129590000
5/4/20,2815.01,2844.24,2797.85,2842.74,2842.74,4723140000
5/1/20,2869.09,2869.09,2821.61,2830.71,2830.71,4753160000
4/30/20,2930.91,2930.91,2892.47,2912.43,2912.43,6523120000
4/29/20,2918.46,2954.86,2912.16,2939.51,2939.51,6620140000
4/28/20,2909.96,2921.15,2860.71,2863.39,2863.39,5672880000
4/27/20,2854.65,2887.72,2852.89,2878.48,2878.48,5194260000
4/24/20,2812.64,2842.71,2791.76,2836.74,2836.74,5374480000
4/23/20,2810.42,2844.9,2794.26,2797.8,2797.8,5756520000
4/22/20,2787.89,2815.1,2775.95,2799.31,2799.31,5049660000
4/21/20,2784.81,2785.54,2727.1,2736.56,2736.56,5075830000
4/20/20,2845.62,2868.98,2820.43,2823.16,2823.16,5220160000
4/17/20,2842.43,2879.22,2830.88,2874.56,2874.56,5792140000
4/16/20,2799.34,2806.51,2764.32,2799.55,2799.55,5179990000
4/15/20,2795.64,2801.88,2761.54,2783.36,2783.36,5203390000
4/14/20,2805.1,2851.85,2805.1,2846.06,2846.06,5567400000
4/13/20,2782.46,2782.46,2721.17,2761.63,2761.63,5274310000
4/9/20,2776.99,2818.57,2762.36,2789.82,2789.82,7880140000
4/8/20,2685,2760.75,2663.3,2749.98,2749.98,5856370000
4/7/20,2738.65,2756.89,2657.67,2659.41,2659.41,7040720000
4/6/20,2578.28,2676.85,2574.57,2663.68,2663.68,6391860000
4/3/20,2514.92,2538.18,2459.96,2488.65,2488.65,6087190000
4/2/20,2458.54,2533.22,2455.79,2526.9,2526.9,6454990000
4/1/20,2498.08,2522.75,2447.49,2470.5,2470.5,5947900000
3/31/20,2614.69,2641.39,2571.15,2584.59,2584.59,6568290000
3/30/20,2558.98,2631.8,2545.28,2626.65,2626.65,5746220000
3/27/20,2555.87,2615.91,2520.02,2541.47,2541.47,6194330000
3/26/20,2501.29,2637.01,2500.72,2630.07,2630.07,7753160000
3/25/20,2457.77,2571.42,2407.53,2475.56,2475.56,8285670000
3/24/20,2344.44,2449.71,2344.44,2447.33,2447.33,7547350000
3/23/20,2290.71,2300.73,2191.86,2237.4,2237.4,7402180000
3/20/20,2431.94,2453.01,2295.56,2304.92,2304.92,9044690000
3/19/20,2393.48,2466.97,2319.78,2409.39,2409.39,7946710000
3/18/20,2436.5,2453.57,2280.52,2398.1,2398.1,8755780000
3/17/20,2425.66,2553.93,2367.04,2529.19,2529.19,8358500000
3/16/20,2508.59,2562.98,2380.94,2386.13,2386.13,7781540000
3/13/20,2569.99,2711.33,2492.37,2711.02,2711.02,8258670000
3/12/20,2630.86,2660.95,2478.86,2480.64,2480.64,8829380000
3/11/20,2825.6,2825.6,2707.22,2741.38,2741.38,7374110000
3/10/20,2813.48,2882.59,2734,2882.23,2882.23,7635960000
3/9/20,2863.89,2863.89,2734.43,2746.56,2746.56,8423050000
3/6/20,2954.2,2985.93,2901.54,2972.37,2972.37,6552140000
3/5/20,3075.7,3083.04,2999.83,3023.94,3023.94,5575550000
3/4/20,3045.75,3130.97,3034.38,3130.12,3130.12,5035480000
3/3/20,3096.46,3136.72,2976.63,3003.37,3003.37,6355940000
3/2/20,2974.28,3090.96,2945.19,3090.23,3090.23,6376400000
2/28/20,2916.9,2959.72,2855.84,2954.22,2954.22,8563850000
2/27/20,3062.54,3097.07,2977.39,2978.76,2978.76,7058840000
2/26/20,3139.9,3182.51,3108.99,3116.39,3116.39,5478110000
2/25/20,3238.94,3246.99,3118.77,3128.21,3128.21,5591510000
2/24/20,3257.61,3259.81,3214.65,3225.89,3225.89,4842960000
2/21/20,3360.5,3360.76,3328.45,3337.75,3337.75,3899270000
2/20/20,3380.45,3389.15,3341.02,3373.23,3373.23,4007320000
2/19/20,3380.39,3393.52,3378.83,3386.15,3386.15,3600150000
2/18/20,3369.04,3375.01,3355.61,3370.29,3370.29,3746720000
2/14/20,3378.08,3380.69,3366.15,3380.16,3380.16,3398040000
2/13/20,3365.9,3385.09,3360.52,3373.94,3373.94,3498240000
2/12/20,3370.5,3381.47,3369.72,3379.45,3379.45,3926380000
2/11/20,3365.87,3375.63,3352.72,3357.75,3357.75,3760550000
2/10/20,3318.28,3352.26,3317.77,3352.09,3352.09,3450350000
2/7/20,3335.54,3341.42,3322.12,3327.71,3327.71,3730650000
2/6/20,3344.92,3347.96,3334.39,3345.78,3345.78,3868370000
2/5/20,3324.91,3337.58,3313.75,3334.69,3334.69,4117730000
2/4/20,3280.61,3306.92,3280.61,3297.59,3297.59,3995320000
2/3/20,3235.66,3268.44,3235.66,3248.92,3248.92,3757910000
1/31/20,3282.33,3282.33,3214.68,3225.52,3225.52,4527830000
1/30/20,3256.45,3285.91,3242.8,3283.66,3283.66,3787250000
1/29/20,3289.46,3293.47,3271.89,3273.4,3273.4,3584500000
1/28/20,3255.35,3285.78,3253.22,3276.24,3276.24,3526720000
1/27/20,3247.16,3258.85,3234.5,3243.63,3243.63,3823100000
1/24/20,3333.1,3333.18,3281.53,3295.47,3295.47,3707130000
1/23/20,3315.77,3326.88,3301.87,3325.54,3325.54,3764860000
1/22/20,3330.02,3337.77,3320.04,3321.75,3321.75,3619850000
1/21/20,3321.03,3329.79,3316.61,3320.79,3320.79,4105340000
1/17/20,3323.66,3329.88,3318.86,3329.62,3329.62,3698170000
1/16/20,3302.97,3317.11,3302.82,3316.81,3316.81,3535080000
1/15/20,3282.27,3298.66,3280.69,3289.29,3289.29,3716840000
1/14/20,3285.35,3294.25,3277.19,3283.15,3283.15,3665130000
1/13/20,3271.13,3288.13,3268.43,3288.13,3288.13,3456380000
1/10/20,3281.81,3282.99,3260.86,3265.35,3265.35,3212970000
1/9/20,3266.03,3275.58,3263.67,3274.7,3274.7,3638390000
1/8/20,3238.59,3267.07,3236.67,3253.05,3253.05,3720890000
1/7/20,3241.86,3244.91,3232.43,3237.18,3237.18,3420380000
1/6/20,3217.55,3246.84,3214.64,3246.28,3246.28,3674070000
1/3/20,3226.36,3246.15,3222.34,3234.85,3234.85,3461290000
1/2/20,3244.67,3258.14,3235.53,3257.85,3257.85,3458250000
12/31/19,3215.18,3231.72,3212.03,3230.78,3230.78,2893810000
12/30/19,3240.09,3240.92,3216.57,3221.29,3221.29,3013290000
12/27/19,3247.23,3247.93,3234.37,3240.02,3240.02,2428670000
12/26/19,3227.2,3240.08,3227.2,3239.91,3239.91,2160680000
12/24/19,3225.45,3226.43,3220.51,3223.38,3223.38,1296540000
12/23/19,3226.05,3227.78,3222.3,3224.01,3224.01,3060610000
12/20/19,3223.33,3225.65,3216.03,3221.22,3221.22,6454270000
12/19/19,3192.32,3205.48,3192.32,3205.37,3205.37,3720450000
12/18/19,3195.21,3198.48,3191.14,3191.14,3191.14,4014080000
12/17/19,3195.4,3198.22,3191.03,3192.52,3192.52,3837540000
12/16/19,3183.63,3197.71,3183.63,3191.45,3191.45,4051790000
12/13/19,3166.65,3182.68,3156.51,3168.8,3168.8,3736870000
12/12/19,3141.23,3176.28,3138.47,3168.57,3168.57,3990690000
12/11/19,3135.75,3143.98,3133.21,3141.63,3141.63,3252540000
12/10/19,3135.36,3142.12,3126.09,3132.52,3132.52,3343790000
12/9/19,3141.86,3148.87,3135.46,3135.96,3135.96,3345990000
12/6/19,3134.62,3150.6,3134.62,3145.91,3145.91,3479480000
12/5/19,3119.21,3119.45,3103.76,3117.43,3117.43,3355750000
12/4/19,3103.5,3119.38,3102.53,3112.76,3112.76,3695030000
12/3/19,3087.41,3094.97,3070.33,3093.2,3093.2,3653390000
12/2/19,3143.85,3144.31,3110.78,3113.87,3113.87,3268740000
11/29/19,3147.18,3150.3,3139.34,3140.98,3140.98,1743020000
11/27/19,3145.49,3154.26,3143.41,3153.63,3153.63,3033090000
11/26/19,3134.85,3142.69,3131,3140.52,3140.52,4595590000
11/25/19,3117.44,3133.83,3117.44,3133.64,3133.64,3511530000
11/22/19,3111.41,3112.87,3099.26,3110.29,3110.29,3226780000
11/21/19,3108.49,3110.11,3094.55,3103.54,3103.54,3720560000
11/20/19,3114.66,3118.97,3091.41,3108.46,3108.46,4034890000
11/19/19,3127.45,3127.64,3113.47,3120.18,3120.18,3590070000
11/18/19,3117.91,3124.17,3112.06,3122.03,3122.03,3436690000
11/15/19,3107.92,3120.46,3104.6,3120.46,3120.46,3335650000
11/14/19,3090.75,3098.2,3083.26,3096.63,3096.63,3276070000
11/13/19,3084.18,3098.06,3078.8,3094.04,3094.04,3509280000
11/12/19,3089.28,3102.61,3084.73,3091.84,3091.84,3466010000
11/11/19,3080.33,3088.33,3075.82,3087.01,3087.01,3035530000
11/8/19,3081.25,3093.09,3073.58,3093.08,3093.08,3499150000
11/7/19,3087.02,3097.77,3080.23,3085.18,3085.18,4144640000
11/6/19,3075.1,3078.34,3065.89,3076.78,3076.78,4458190000
11/5/19,3080.8,3083.95,3072.15,3074.62,3074.62,4486130000
11/4/19,3078.96,3085.2,3074.87,3078.27,3078.27,4146850000
11/1/19,3050.72,3066.95,3050.72,3066.91,3066.91,3930200000
10/31/19,3046.9,3046.9,3023.19,3037.56,3037.56,4139280000
10/30/19,3039.74,3050.1,3025.96,3046.77,3046.77,3776030000
10/29/19,3035.39,3047.87,3034.81,3036.89,3036.89,3589930000
10/28/19,3032.12,3044.08,3032.12,3039.42,3039.42,3521230000
10/25/19,3003.32,3027.39,3001.94,3022.55,3022.55,3370370000
10/24/19,3014.78,3016.07,3000.42,3010.29,3010.29,3692600000
10/23/19,2994.01,3004.78,2991.21,3004.52,3004.52,3392870000
10/22/19,3010.73,3014.57,2995.04,2995.99,2995.99,3523890000
10/21/19,2996.48,3007.33,2995.35,3006.72,3006.72,3271620000
10/18/19,2996.84,3000,2976.31,2986.2,2986.2,3264290000
10/17/19,3000.77,3008.29,2991.79,2997.95,2997.95,3115960000
10/16/19,2989.68,2997.54,2985.2,2989.69,2989.69,3222570000
10/15/19,2973.61,3003.28,2973.61,2995.68,2995.68,3340740000
10/14/19,2965.81,2972.84,2962.94,2966.15,2966.15,2557020000
10/11/19,2963.07,2993.28,2963.07,2970.27,2970.27,3580460000
10/10/19,2918.55,2948.46,2917.12,2938.13,2938.13,3217250000
10/9/19,2911.1,2929.32,2907.41,2919.4,2919.4,2726820000
10/8/19,2920.4,2925.47,2892.66,2893.06,2893.06,3356450000
10/7/19,2944.23,2959.75,2935.68,2938.79,2938.79,2940140000
10/4/19,2918.56,2953.74,2918.56,2952.01,2952.01,2990830000
10/3/19,2885.38,2911.13,2855.94,2910.63,2910.63,3503640000
10/2/19,2924.78,2924.78,2874.93,2887.61,2887.61,3912520000
10/1/19,2983.69,2992.53,2938.7,2940.25,2940.25,3558040000
9/30/19,2967.07,2983.85,2967.07,2976.74,2976.74,3247610000
9/27/19,2985.47,2987.31,2945.53,2961.79,2961.79,3243650000
9/26/19,2985.73,2987.28,2963.71,2977.62,2977.62,3077240000
9/25/19,2968.35,2989.82,2952.86,2984.87,2984.87,3318870000
9/24/19,3002.43,3007.98,2957.73,2966.6,2966.6,3868160000
9/23/19,2983.5,2999.15,2982.23,2991.78,2991.78,3186590000
9/20/19,3008.42,3016.37,2984.68,2992.07,2992.07,6094740000
9/19/19,3010.36,3021.99,3003.16,3006.79,3006.79,3251290000
9/18/19,3001.5,3007.83,2978.57,3006.73,3006.73,3435540000
9/17/19,2995.67,3006.21,2993.73,3005.7,3005.7,3671840000
9/16/19,2996.41,3002.19,2990.67,2997.96,2997.96,4274640000
9/13/19,3012.21,3017.33,3002.9,3007.39,3007.39,3520060000
9/12/19,3009.08,3020.74,3000.92,3009.57,3009.57,3791860000
9/11/19,2981.41,3000.93,2975.31,3000.93,3000.93,3927550000
9/10/19,2971.01,2979.39,2957.01,2979.39,2979.39,4390770000
9/9/19,2988.43,2989.43,2969.39,2978.43,2978.43,4002890000
9/6/19,2980.33,2985.03,2972.51,2978.71,2978.71,3208280000
9/5/19,2960.6,2985.86,2960.6,2976,2976,3890700000
9/4/19,2924.67,2938.84,2921.86,2937.78,2937.78,3163260000
9/3/19,2909.01,2914.39,2891.85,2906.27,2906.27,3426790000
8/30/19,2937.09,2940.43,2913.32,2926.46,2926.46,3008450000
8/29/19,2910.37,2930.5,2905.67,2924.58,2924.58,3176190000
8/28/19,2861.28,2890.03,2853.05,2887.94,2887.94,3097420000
8/27/19,2893.14,2898.79,2860.59,2869.16,2869.16,3533630000
8/26/19,2866.7,2879.27,2856,2878.38,2878.38,2857600000
8/23/19,2911.07,2927.01,2834.97,2847.11,2847.11,3937300000
8/22/19,2930.94,2939.08,2904.51,2922.95,2922.95,2890880000
8/21/19,2922.04,2928.73,2917.91,2924.43,2924.43,3011190000
8/20/19,2919.01,2923.63,2899.6,2900.51,2900.51,3066300000
8/19/19,2913.48,2931,2913.48,2923.65,2923.65,3212880000
8/16/19,2864.74,2893.63,2864.74,2888.68,2888.68,3498150000
8/15/19,2846.2,2856.67,2825.51,2847.6,2847.6,4038000000
8/14/19,2894.15,2894.15,2839.64,2840.6,2840.6,4312530000
8/13/19,2880.72,2943.31,2877.05,2926.32,2926.32,3853600000
8/12/19,2907.07,2907.58,2873.14,2882.7,2882.7,2851630000
8/9/19,2930.51,2935.75,2900.15,2918.65,2918.65,3350640000
8/8/19,2896.21,2938.72,2894.47,2938.09,2938.09,4106370000
8/7/19,2858.65,2892.17,2825.71,2883.98,2883.98,4491750000
8/6/19,2861.18,2884.4,2847.42,2881.77,2881.77,4154240000
8/5/19,2898.07,2898.07,2822.12,2844.74,2844.74,4513730000
8/2/19,2943.9,2945.5,2914.11,2932.05,2932.05,3874660000
8/1/19,2980.32,3013.59,2945.23,2953.56,2953.56,4762300000
7/31/19,3016.22,3017.4,2958.08,2980.38,2980.38,4623430000
7/30/19,3007.66,3017.19,3000.94,3013.18,3013.18,3634330000
7/29/19,3024.47,3025.61,3014.3,3020.97,3020.97,3203710000
7/26/19,3013.25,3027.98,3012.59,3025.86,3025.86,3257590000
7/25/19,3016.26,3016.31,2997.24,3003.67,3003.67,3645270000
7/24/19,2998.77,3019.59,2996.82,3019.56,3019.56,3428980000
7/23/19,2994.74,3005.9,2988.56,3005.47,3005.47,3313660000
7/22/19,2981.93,2990.71,2976.65,2985.03,2985.03,3003720000
7/19/19,3004.26,3006.02,2975.86,2976.61,2976.61,3260360000
7/18/19,2978.87,2998.28,2973.09,2995.11,2995.11,3296580000
7/17/19,3005.1,3005.26,2984.25,2984.42,2984.42,3181600000
7/16/19,3012.13,3015.02,3001.15,3004.04,3004.04,3290650000
7/15/19,3017.8,3017.8,3008.77,3014.3,3014.3,2874970000
7/12/19,3003.36,3013.92,3001.87,3013.77,3013.77,2974960000
7/11/19,2999.62,3002.33,2988.8,2999.91,2999.91,3154620000
7/10/19,2989.3,3002.98,2984.62,2993.07,2993.07,3154240000
7/9/19,2965.52,2981.9,2963.44,2979.63,2979.63,3028210000
7/8/19,2979.77,2980.76,2970.09,2975.95,2975.95,2904550000
7/5/19,2984.25,2994.03,2967.97,2990.41,2990.41,2434210000
7/3/19,2978.08,2995.84,2977.96,2995.82,2995.82,1963720000
7/2/19,2964.66,2973.21,2955.92,2973.01,2973.01,3206840000
7/1/19,2971.41,2977.93,2952.22,2964.33,2964.33,3513270000
6/28/19,2932.94,2943.98,2929.05,2941.76,2941.76,5420700000
6/27/19,2919.66,2929.3,2918.57,2924.92,2924.92,3122920000
6/26/19,2926.07,2932.59,2912.99,2913.78,2913.78,3478130000
6/25/19,2945.78,2946.52,2916.01,2917.38,2917.38,3578050000
6/24/19,2951.42,2954.92,2944.05,2945.35,2945.35,3136250000
6/21/19,2952.71,2964.15,2946.87,2950.46,2950.46,5000120000
6/20/19,2949.6,2958.06,2931.5,2954.18,2954.18,3905940000
6/19/19,2920.55,2931.74,2911.43,2926.46,2926.46,3287890000
6/18/19,2906.71,2930.79,2905.44,2917.75,2917.75,3437620000
6/17/19,2889.75,2897.27,2887.3,2889.67,2889.67,2810140000
6/14/19,2886.82,2894.45,2879.62,2886.98,2886.98,2922330000
6/13/19,2886.24,2895.24,2881.99,2891.64,2891.64,3069810000
6/12/19,2882.73,2888.57,2874.68,2879.84,2879.84,3034130000
6/11/19,2903.27,2910.61,2878.53,2885.72,2885.72,3548420000
6/10/19,2885.83,2904.77,2885.51,2886.73,2886.73,3209210000
6/7/19,2852.87,2884.97,2852.87,2873.34,2873.34,3220250000
6/6/19,2828.51,2852.1,2822.45,2843.49,2843.49,3396410000
6/5/19,2818.09,2827.28,2800.92,2826.15,2826.15,3548830000
6/4/19,2762.64,2804.49,2762.64,2803.27,2803.27,3810430000
6/3/19,2751.53,2763.07,2728.81,2744.45,2744.45,3966700000
5/31/19,2766.15,2768.98,2750.52,2752.06,2752.06,3981020000
5/30/19,2786.94,2799,2776.74,2788.86,2788.86,3273790000
5/29/19,2790.25,2792.03,2766.06,2783.02,2783.02,3700050000
5/28/19,2830.03,2840.51,2801.58,2802.39,2802.39,4121410000
5/24/19,2832.41,2841.36,2820.19,2826.06,2826.06,2887390000
5/23/19,2836.7,2836.7,2805.49,2822.24,2822.24,3891980000
5/22/19,2856.06,2865.47,2851.11,2856.27,2856.27,3192510000
5/21/19,2854.02,2868.88,2854.02,2864.36,2864.36,3218700000
5/20/19,2841.94,2853.86,2831.29,2840.23,2840.23,3288870000
5/17/19,2858.6,2885.48,2854.23,2859.53,2859.53,3257950000
5/16/19,2855.8,2892.15,2855.8,2876.32,2876.32,3338060000
5/15/19,2820.38,2858.68,2815.08,2850.96,2850.96,3125950000
5/14/19,2820.12,2852.54,2820.12,2834.41,2834.41,3322720000
5/13/19,2840.19,2840.19,2801.43,2811.87,2811.87,3894030000
5/10/19,2863.1,2891.31,2825.39,2881.4,2881.4,3529600000
5/9/19,2859.84,2875.97,2836.4,2870.72,2870.72,3638820000
5/8/19,2879.61,2897.96,2873.28,2879.42,2879.42,3485790000
5/7/19,2913.03,2913.03,2862.6,2884.05,2884.05,3767100000
5/6/19,2908.89,2937.32,2898.21,2932.47,2932.47,3181520000
5/3/19,2929.21,2947.85,2929.21,2945.64,2945.64,3338120000
5/2/19,2922.16,2931.68,2900.5,2917.52,2917.52,3778890000
5/1/19,2952.33,2954.13,2923.36,2923.73,2923.73,3645850000
4/30/19,2937.14,2948.22,2924.11,2945.83,2945.83,3919330000
4/29/19,2940.58,2949.52,2939.35,2943.03,2943.03,3118780000
4/26/19,2925.81,2939.88,2917.56,2939.88,2939.88,3248500000
4/25/19,2928.99,2933.1,2912.84,2926.17,2926.17,3425280000
4/24/19,2934,2936.83,2926.05,2927.25,2927.25,3448960000
4/23/19,2909.99,2936.31,2908.53,2933.68,2933.68,3635030000
4/22/19,2898.78,2909.51,2896.35,2907.97,2907.97,2997950000
4/18/19,2904.81,2908.4,2891.9,2905.03,2905.03,3506850000
4/17/19,2916.04,2918,2895.45,2900.45,2900.45,3602300000
4/16/19,2912.26,2916.06,2900.71,2907.06,2907.06,3402210000
4/15/19,2908.32,2909.6,2896.48,2905.58,2905.58,3088330000
4/12/19,2900.86,2910.54,2898.37,2907.41,2907.41,3688490000
4/11/19,2891.92,2893.42,2881.99,2888.32,2888.32,2938540000
4/10/19,2881.37,2889.71,2879.13,2888.21,2888.21,3062380000
4/9/19,2886.58,2886.88,2873.33,2878.2,2878.2,3007980000
4/8/19,2888.46,2895.95,2880.78,2895.77,2895.77,3054030000
4/5/19,2884.16,2893.24,2882.99,2892.74,2892.74,3146820000
4/4/19,2873.99,2881.28,2867.14,2879.39,2879.39,3015180000
4/3/19,2876.09,2885.25,2865.17,2873.4,2873.4,3550240000
4/2/19,2868.24,2872.9,2858.75,2867.24,2867.24,3246900000
4/1/19,2848.63,2869.4,2848.63,2867.19,2867.19,3500760000
3/29/19,2828.27,2836.03,2819.23,2834.4,2834.4,3740700000
3/28/19,2809.4,2819.71,2798.77,2815.44,2815.44,3158170000
3/27/19,2819.72,2825.56,2787.72,2805.37,2805.37,3372930000
3/26/19,2812.66,2829.87,2803.99,2818.46,2818.46,3266050000
3/25/19,2796.01,2809.79,2785.02,2798.36,2798.36,3376580000
3/22/19,2844.52,2846.16,2800.47,2800.71,2800.71,4237200000
3/21/19,2819.72,2860.31,2817.38,2854.88,2854.88,3546800000
3/20/19,2831.34,2843.54,2812.43,2824.23,2824.23,3771200000
3/19/19,2840.76,2852.42,2823.27,2832.57,2832.57,3620220000
3/18/19,2822.61,2835.41,2821.99,2832.94,2832.94,3552190000
3/15/19,2810.79,2830.73,2810.79,2822.48,2822.48,5962730000
3/14/19,2810.38,2815,2803.46,2808.48,2808.48,3469730000
3/13/19,2799.78,2821.24,2799.78,2810.92,2810.92,3766150000
3/12/19,2787.34,2798.32,2786.73,2791.52,2791.52,3414230000
3/11/19,2747.61,2784,2747.61,2783.3,2783.3,3749030000
3/8/19,2730.79,2744.13,2722.27,2743.07,2743.07,3423130000
3/7/19,2766.53,2767.25,2739.09,2748.93,2748.93,3904860000
3/6/19,2790.27,2790.27,2768.69,2771.45,2771.45,3786600000
3/5/19,2794.41,2796.44,2782.97,2789.65,2789.65,3585690000
3/4/19,2814.37,2816.88,2767.66,2792.81,2792.81,3919810000
3/1/19,2798.22,2808.02,2787.38,2803.69,2803.69,3972280000
2/28/19,2788.11,2793.73,2782.51,2784.49,2784.49,4396930000
2/27/19,2787.5,2795.76,2775.13,2792.38,2792.38,3767130000
2/26/19,2792.36,2803.12,2789.47,2793.9,2793.9,3645680000
2/25/19,2804.35,2813.49,2794.99,2796.11,2796.11,3804380000
2/22/19,2780.67,2794.2,2779.11,2792.67,2792.67,3427810000
2/21/19,2780.24,2781.58,2764.55,2774.88,2774.88,3559710000
2/20/19,2779.05,2789.88,2774.06,2784.7,2784.7,3835450000
2/19/19,2769.28,2787.33,2767.29,2779.76,2779.76,3533710000
2/15/19,2760.24,2775.66,2760.24,2775.6,2775.6,3641370000
2/14/19,2743.5,2757.9,2731.23,2745.73,2745.73,3836700000
2/13/19,2750.3,2761.85,2748.63,2753.03,2753.03,3670770000
2/12/19,2722.61,2748.19,2722.61,2744.73,2744.73,3827770000
2/11/19,2712.4,2718.05,2703.79,2709.8,2709.8,3361970000
2/8/19,2692.36,2708.07,2681.83,2707.88,2707.88,3622330000
2/7/19,2717.53,2719.32,2687.26,2706.05,2706.05,4099490000
2/6/19,2735.05,2738.08,2724.15,2731.61,2731.61,3472690000
2/5/19,2728.34,2738.98,2724.03,2737.7,2737.7,3560430000
2/4/19,2706.49,2724.99,2698.75,2724.87,2724.87,3359840000
2/1/19,2702.32,2716.66,2696.88,2706.53,2706.53,3759270000
1/31/19,2685.49,2708.95,2678.65,2704.1,2704.1,4917650000
1/30/19,2653.62,2690.44,2648.34,2681.05,2681.05,3867810000
1/29/19,2644.89,2650.93,2631.05,2640,2640,3504200000
1/28/19,2644.97,2644.97,2624.06,2643.85,2643.85,3612810000
1/25/19,2657.44,2672.38,2657.33,2664.76,2664.76,3814080000
1/24/19,2638.84,2647.2,2627.01,2642.33,2642.33,3433250000
1/23/19,2643.48,2653.19,2612.86,2638.7,2638.7,3335610000
1/22/19,2657.88,2657.88,2617.27,2632.9,2632.9,3908030000
1/18/19,2651.27,2675.47,2647.58,2670.71,2670.71,3986730000
1/17/19,2609.28,2645.06,2606.36,2635.96,2635.96,3772270000
1/16/19,2614.75,2625.76,2612.68,2616.1,2616.1,3863770000
1/15/19,2585.1,2613.08,2585.1,2610.3,2610.3,3572330000
1/14/19,2580.31,2589.32,2570.41,2582.61,2582.61,3664450000
1/11/19,2588.11,2596.27,2577.4,2596.26,2596.26,3434490000
1/10/19,2573.51,2597.82,2562.02,2596.64,2596.64,3704500000
1/9/19,2580,2595.32,2568.89,2584.96,2584.96,4052480000
1/8/19,2568.11,2579.82,2547.56,2574.41,2574.41,4083030000
1/7/19,2535.61,2566.16,2524.56,2549.69,2549.69,4104710000
1/4/19,2474.33,2538.07,2474.33,2531.94,2531.94,4213410000
1/3/19,2491.92,2493.14,2443.96,2447.89,2447.89,3822860000
1/2/19,2476.96,2519.49,2467.47,2510.03,2510.03,3733160000
12/31/18,2498.94,2509.24,2482.82,2506.85,2506.85,3442870000
12/28/18,2498.77,2520.27,2472.89,2485.74,2485.74,3702620000
12/27/18,2442.5,2489.1,2397.94,2488.83,2488.83,4096610000
12/26/18,2363.12,2467.76,2346.58,2467.7,2467.7,4233990000
12/24/18,2400.56,2410.34,2351.1,2351.1,2351.1,2613930000
12/21/18,2465.38,2504.41,2408.55,2416.62,2416.62,7609010000
12/20/18,2496.77,2509.63,2441.18,2467.42,2467.42,5585780000
12/19/18,2547.05,2585.29,2488.96,2506.96,2506.96,5127940000
12/18/18,2559.9,2573.99,2528.71,2546.16,2546.16,4470880000
12/17/18,2590.75,2601.13,2530.54,2545.94,2545.94,4616350000
12/14/18,2629.68,2635.07,2593.84,2599.95,2599.95,4035020000
12/13/18,2658.7,2670.19,2637.27,2650.54,2650.54,3927720000
12/12/18,2658.23,2685.44,2650.26,2651.07,2651.07,3958890000
12/11/18,2664.44,2674.35,2621.3,2636.78,2636.78,3905870000
12/10/18,2630.86,2647.51,2583.23,2637.72,2637.72,4151030000
12/7/18,2691.26,2708.54,2623.14,2633.08,2633.08,4216690000
12/6/18,2663.51,2696.15,2621.53,2695.95,2695.95,5141470000
12/4/18,2782.43,2785.93,2697.18,2700.06,2700.06,4499840000
12/3/18,2790.5,2800.18,2773.38,2790.37,2790.37,4186060000
11/30/18,2737.76,2760.88,2732.76,2760.17,2760.17,4658580000
11/29/18,2736.97,2753.75,2722.94,2737.8,2737.8,3560770000
11/28/18,2691.45,2744,2684.38,2743.79,2743.79,3951670000
11/27/18,2663.75,2682.53,2655.89,2682.17,2682.17,3485220000
11/26/18,2649.97,2674.35,2649.97,2673.45,2673.45,3443950000
11/23/18,2633.36,2647.55,2631.09,2632.56,2632.56,1651650000
11/21/18,2657.74,2670.73,2649.82,2649.93,2649.93,3233550000
11/20/18,2654.6,2669.44,2631.52,2641.89,2641.89,4357900000
11/19/18,2730.74,2733.16,2681.09,2690.73,2690.73,3772900000
11/16/18,2718.54,2746.75,2712.16,2736.27,2736.27,3975180000
11/15/18,2693.52,2735.38,2670.75,2730.2,2730.2,4179140000
11/14/18,2737.9,2746.8,2685.75,2701.58,2701.58,4402370000
11/13/18,2730.05,2754.6,2714.98,2722.18,2722.18,4091440000
11/12/18,2773.93,2775.99,2722,2726.22,2726.22,3670930000
11/9/18,2794.1,2794.1,2764.24,2781.01,2781.01,4019090000
11/8/18,2806.38,2814.75,2794.99,2806.83,2806.83,3630490000
11/7/18,2774.13,2815.15,2774.13,2813.89,2813.89,3914750000
11/6/18,2738.4,2756.82,2737.08,2755.45,2755.45,3510860000
11/5/18,2726.37,2744.27,2717.94,2738.31,2738.31,3623320000
11/2/18,2745.45,2756.55,2700.44,2723.06,2723.06,4237930000
11/1/18,2717.58,2741.67,2708.85,2740.37,2740.37,4708420000
10/31/18,2705.6,2736.69,2705.6,2711.74,2711.74,5112420000
10/30/18,2640.68,2685.43,2635.34,2682.63,2682.63,5106380000
10/29/18,2682.65,2706.85,2603.54,2641.25,2641.25,4673700000
10/26/18,2667.86,2692.38,2628.16,2658.69,2658.69,4803150000
10/25/18,2674.88,2722.7,2667.84,2705.57,2705.57,4634770000
10/24/18,2737.87,2742.59,2651.89,2656.1,2656.1,4709310000
10/23/18,2721.03,2753.59,2691.43,2740.69,2740.69,4348580000
10/22/18,2773.94,2778.94,2749.22,2755.88,2755.88,3307140000
10/19/18,2775.66,2797.77,2760.27,2767.78,2767.78,3566490000
10/18/18,2802,2806.04,2755.18,2768.78,2768.78,3616440000
10/17/18,2811.67,2816.94,2781.81,2809.21,2809.21,3321710000
10/16/18,2767.05,2813.46,2766.91,2809.92,2809.92,3428340000
10/15/18,2763.83,2775.99,2749.03,2750.79,2750.79,3300140000
10/12/18,2770.54,2775.77,2729.44,2767.13,2767.13,3966040000
10/11/18,2776.87,2795.14,2710.51,2728.37,2728.37,4890630000
10/10/18,2873.9,2874.02,2784.86,2785.68,2785.68,4501250000
10/9/18,2882.51,2894.83,2874.27,2880.34,2880.34,3520500000
10/8/18,2877.53,2889.45,2862.08,2884.43,2884.43,3330320000
10/5/18,2902.54,2909.64,2869.29,2885.57,2885.57,3328980000
10/4/18,2919.35,2919.78,2883.92,2901.61,2901.61,3496860000
10/3/18,2931.69,2939.86,2921.36,2925.51,2925.51,3598710000
10/2/18,2923.8,2931.42,2919.37,2923.43,2923.43,3401880000
10/1/18,2926.29,2937.06,2917.91,2924.59,2924.59,3364190000
9/28/18,2910.03,2920.53,2907.5,2913.98,2913.98,3432300000
9/27/18,2911.65,2927.22,2909.27,2914,2914,3060850000
9/26/18,2916.98,2931.15,2903.28,2905.97,2905.97,3388620000
9/25/18,2921.75,2923.95,2913.7,2915.56,2915.56,3285480000
9/24/18,2921.83,2923.79,2912.63,2919.37,2919.37,3372210000
9/21/18,2936.76,2940.91,2927.11,2929.67,2929.67,5607610000
9/20/18,2919.73,2934.8,2919.73,2930.75,2930.75,3337730000
9/19/18,2906.6,2912.36,2903.82,2907.95,2907.95,3280020000
9/18/18,2890.74,2911.17,2890.43,2904.31,2904.31,3074610000
9/17/18,2903.83,2904.65,2886.16,2888.8,2888.8,2947760000
9/14/18,2906.38,2908.3,2895.77,2904.98,2904.98,3149800000
9/13/18,2896.85,2906.76,2896.39,2904.18,2904.18,3254930000
9/12/18,2888.29,2894.65,2879.2,2888.92,2888.92,3264930000
9/11/18,2871.57,2892.52,2866.78,2887.89,2887.89,2899660000
9/10/18,2881.39,2886.93,2875.94,2877.13,2877.13,2731400000
9/7/18,2868.26,2883.81,2864.12,2871.68,2871.68,2946270000
9/6/18,2888.64,2892.05,2867.29,2878.05,2878.05,3139590000
9/5/18,2891.59,2894.21,2876.92,2888.6,2888.6,3241250000
9/4/18,2896.96,2900.18,2885.13,2896.72,2896.72,3077060000
8/31/18,2898.37,2906.32,2891.73,2901.52,2901.52,2880260000
8/30/18,2908.94,2912.46,2895.22,2901.13,2901.13,2802180000
8/29/18,2900.62,2916.5,2898.4,2914.04,2914.04,2791860000
8/28/18,2901.45,2903.77,2893.5,2897.52,2897.52,2683190000
8/27/18,2884.69,2898.25,2884.69,2896.74,2896.74,2854080000
8/24/18,2862.35,2876.16,2862.35,2874.69,2874.69,2596190000
8/23/18,2860.29,2868.78,2854.03,2856.98,2856.98,2713910000
8/22/18,2860.99,2867.54,2856.05,2861.82,2861.82,2689560000
8/21/18,2861.51,2873.23,2861.32,2862.96,2862.96,3147140000
8/20/18,2853.93,2859.76,2850.62,2857.05,2857.05,2748020000
8/17/18,2838.32,2855.63,2833.73,2850.13,2850.13,3024100000
8/16/18,2831.44,2850.49,2831.44,2840.69,2840.69,3219880000
8/15/18,2827.95,2827.95,2802.49,2818.37,2818.37,3645070000
8/14/18,2827.88,2843.11,2826.58,2839.96,2839.96,2976970000
8/13/18,2835.46,2843.4,2819.88,2821.93,2821.93,3158450000
8/10/18,2838.9,2842.2,2825.81,2833.28,2833.28,3256040000
8/9/18,2857.19,2862.48,2851.98,2853.58,2853.58,3047050000
8/8/18,2856.79,2862.44,2853.09,2857.7,2857.7,2972200000
8/7/18,2855.92,2863.43,2855.92,2858.45,2858.45,3162770000
8/6/18,2840.29,2853.29,2835.98,2850.4,2850.4,2874540000
8/3/18,2829.62,2840.38,2827.37,2840.35,2840.35,3030390000
8/2/18,2800.48,2829.91,2796.34,2827.22,2827.22,3467380000
8/1/18,2821.17,2825.83,2805.85,2813.36,2813.36,3496990000
7/31/18,2809.73,2824.46,2808.06,2816.29,2816.29,3892100000
7/30/18,2819,2821.74,2798.11,2802.6,2802.6,3245770000
7/27/18,2842.35,2843.17,2808.34,2818.82,2818.82,3415710000
7/26/18,2835.49,2845.57,2835.26,2837.44,2837.44,3653330000
7/25/18,2817.73,2848.03,2817.73,2846.07,2846.07,3553010000
7/24/18,2820.68,2829.99,2811.12,2820.4,2820.4,3417530000
7/23/18,2799.17,2808.61,2795.14,2806.98,2806.98,2907430000
7/20/18,2804.55,2809.7,2800.01,2801.83,2801.83,3230210000
7/19/18,2809.37,2812.05,2799.77,2804.49,2804.49,3266700000
7/18/18,2811.35,2816.76,2805.89,2815.62,2815.62,3089780000
7/17/18,2789.34,2814.19,2789.24,2809.55,2809.55,3050730000
7/16/18,2797.36,2801.19,2793.39,2798.43,2798.43,2812230000
7/13/18,2796.93,2804.53,2791.69,2801.31,2801.31,2614000000
7/12/18,2783.14,2799.22,2781.53,2798.29,2798.29,2821690000
7/11/18,2779.82,2785.91,2770.77,2774.02,2774.02,2964740000
7/10/18,2788.56,2795.58,2786.24,2793.84,2793.84,3063850000
7/9/18,2775.62,2784.65,2770.73,2784.17,2784.17,3050040000
7/6/18,2737.68,2764.41,2733.52,2759.82,2759.82,2554780000
7/5/18,2724.19,2737.83,2716.02,2736.61,2736.61,2953420000
7/3/18,2733.27,2736.58,2711.16,2713.22,2713.22,1911470000
7/2/18,2704.95,2727.26,2698.95,2726.71,2726.71,3073650000
6/29/18,2727.13,2743.26,2718.03,2718.37,2718.37,3565620000
6/28/18,2698.69,2724.34,2691.99,2716.31,2716.31,3428140000
6/27/18,2728.45,2746.09,2699.38,2699.63,2699.63,3776090000
6/26/18,2722.12,2732.91,2715.6,2723.06,2723.06,3555090000
6/25/18,2742.94,2742.94,2698.67,2717.07,2717.07,3655080000
6/22/18,2760.79,2764.17,2752.68,2754.88,2754.88,5450550000
6/21/18,2769.28,2769.28,2744.39,2749.76,2749.76,3300060000
6/20/18,2769.73,2774.86,2763.91,2767.32,2767.32,3327600000
6/19/18,2752.01,2765.05,2743.19,2762.59,2762.59,3661470000
6/18/18,2765.79,2774.99,2757.12,2773.75,2773.75,3287150000
6/15/18,2777.78,2782.81,2761.73,2779.66,2779.66,5428790000
6/14/18,2783.21,2789.06,2776.52,2782.49,2782.49,3526890000
6/13/18,2787.94,2791.47,2774.65,2775.63,2775.63,3779230000
6/12/18,2785.6,2789.8,2778.78,2786.85,2786.85,3401010000
6/11/18,2780.18,2790.21,2780.17,2782,2782,3232330000
6/8/18,2765.84,2779.39,2763.59,2779.03,2779.03,3123210000
6/7/18,2774.84,2779.9,2760.16,2770.37,2770.37,3711330000
6/6/18,2753.25,2772.39,2748.46,2772.35,2772.35,3651640000
6/5/18,2748.46,2752.61,2739.51,2748.8,2748.8,3517790000
6/4/18,2741.67,2749.16,2740.54,2746.87,2746.87,3376510000
6/1/18,2718.7,2736.93,2718.7,2734.62,2734.62,3684130000
5/31/18,2720.98,2722.5,2700.68,2705.27,2705.27,4235370000
5/30/18,2702.43,2729.34,2702.43,2724.01,2724.01,3561050000
5/29/18,2705.11,2710.67,2676.81,2689.86,2689.86,3736890000
5/25/18,2723.6,2727.36,2714.99,2721.33,2721.33,2995260000
5/24/18,2730.94,2731.97,2707.38,2727.76,2727.76,3256030000
5/23/18,2713.98,2733.33,2709.54,2733.29,2733.29,3326290000
5/22/18,2738.34,2742.24,2721.88,2724.44,2724.44,3366310000
5/21/18,2735.39,2739.19,2725.7,2733.01,2733.01,3019890000
5/18/18,2717.35,2719.5,2709.18,2712.97,2712.97,3368690000
5/17/18,2719.71,2731.96,2711.36,2720.13,2720.13,3475400000
5/16/18,2712.62,2727.76,2712.17,2722.46,2722.46,3202670000
5/15/18,2718.59,2718.59,2701.91,2711.45,2711.45,3290680000
5/14/18,2738.47,2742.1,2725.47,2730.13,2730.13,2972660000
5/11/18,2722.7,2732.86,2717.45,2727.72,2727.72,2862700000
5/10/18,2705.02,2726.11,2704.54,2723.07,2723.07,3333050000
5/9/18,2678.12,2701.27,2674.14,2697.79,2697.79,3909500000
5/8/18,2670.26,2676.34,2655.2,2671.92,2671.92,3717570000
5/7/18,2680.34,2683.35,2664.7,2672.63,2672.63,3237960000
5/4/18,2621.45,2670.93,2615.32,2663.42,2663.42,3327220000
5/3/18,2628.08,2637.14,2594.62,2629.73,2629.73,3851470000
5/2/18,2654.24,2660.87,2631.7,2635.67,2635.67,4010770000
5/1/18,2642.96,2655.27,2625.41,2654.8,2654.8,3559850000
4/30/18,2682.51,2682.87,2648.04,2648.05,2648.05,3734530000
4/27/18,2675.47,2677.35,2659.01,2669.91,2669.91,3219030000
4/26/18,2651.65,2676.48,2647.16,2666.94,2666.94,3665720000
4/25/18,2634.92,2645.3,2612.67,2639.4,2639.4,3499440000
4/24/18,2680.8,2683.55,2617.32,2634.56,2634.56,3706740000
4/23/18,2675.4,2682.86,2657.99,2670.29,2670.29,3017480000
4/20/18,2692.56,2693.94,2660.61,2670.14,2670.14,3388590000
4/19/18,2701.16,2702.84,2681.9,2693.13,2693.13,3349370000
4/18/18,2710.11,2717.49,2703.63,2708.64,2708.64,3383410000
4/17/18,2692.74,2713.34,2692.05,2706.39,2706.39,3234360000
4/16/18,2670.1,2686.49,2665.16,2677.84,2677.84,3019700000
4/13/18,2676.9,2680.26,2645.05,2656.3,2656.3,2960910000
4/12/18,2653.83,2674.72,2653.83,2663.99,2663.99,3021320000
4/11/18,2643.89,2661.43,2639.25,2642.19,2642.19,3020760000
4/10/18,2638.41,2665.45,2635.78,2656.87,2656.87,3543930000
4/9/18,2617.18,2653.55,2610.79,2613.16,2613.16,3062960000
4/6/18,2645.82,2656.88,2586.27,2604.47,2604.47,3299700000
4/5/18,2657.36,2672.08,2649.58,2662.84,2662.84,3178970000
4/4/18,2584.04,2649.86,2573.61,2644.69,2644.69,3350340000
4/3/18,2592.17,2619.14,2575.49,2614.45,2614.45,3392810000
4/2/18,2633.45,2638.3,2553.8,2581.88,2581.88,3598520000
3/29/18,2614.41,2659.07,2609.72,2640.87,2640.87,3565990000
3/28/18,2611.3,2632.65,2593.06,2605,2605,3864500000
3/27/18,2667.57,2674.78,2596.12,2612.62,2612.62,3706350000
3/26/18,2619.35,2661.36,2601.81,2658.55,2658.55,3511100000
3/23/18,2646.71,2657.67,2585.89,2588.26,2588.26,3815080000
3/22/18,2691.36,2695.68,2641.59,2643.69,2643.69,3739800000
3/21/18,2714.99,2739.14,2709.79,2711.93,2711.93,3415510000
3/20/18,2715.05,2724.22,2710.05,2716.94,2716.94,3261030000
3/19/18,2741.38,2741.38,2694.59,2712.92,2712.92,3302130000
3/16/18,2750.57,2761.85,2749.97,2752.01,2752.01,5372340000
3/15/18,2754.27,2763.03,2741.47,2747.33,2747.33,3500330000
3/14/18,2774.06,2777.11,2744.38,2749.48,2749.48,3391360000
3/13/18,2792.31,2801.9,2758.68,2765.31,2765.31,3301650000
3/12/18,2790.54,2796.98,2779.26,2783.02,2783.02,3185020000
3/9/18,2752.91,2786.57,2751.54,2786.57,2786.57,3364100000
3/8/18,2732.75,2740.45,2722.65,2738.97,2738.97,3212320000
3/7/18,2710.18,2730.6,2701.74,2726.8,2726.8,3393270000
3/6/18,2730.18,2732.08,2711.26,2728.12,2728.12,3370690000
3/5/18,2681.06,2728.09,2675.75,2720.94,2720.94,3710810000
3/2/18,2658.89,2696.25,2647.32,2691.25,2691.25,3882450000
3/1/18,2715.22,2730.89,2659.65,2677.67,2677.67,4503970000
2/28/18,2753.78,2761.52,2713.54,2713.83,2713.83,4230660000
2/27/18,2780.45,2789.15,2744.22,2744.28,2744.28,3745080000
2/26/18,2757.37,2780.64,2753.78,2779.6,2779.6,3424650000
2/23/18,2715.8,2747.76,2713.74,2747.3,2747.3,3189190000
2/22/18,2710.42,2731.26,2697.77,2703.96,2703.96,3701270000
2/21/18,2720.53,2747.75,2701.29,2701.33,2701.33,3779400000
2/20/18,2722.99,2737.6,2706.76,2716.26,2716.26,3627610000
2/16/18,2727.14,2754.42,2725.11,2732.22,2732.22,3637460000
2/15/18,2713.46,2731.51,2689.82,2731.2,2731.2,3684910000
2/14/18,2651.21,2702.1,2648.87,2698.63,2698.63,4003740000
2/13/18,2646.27,2668.84,2637.08,2662.94,2662.94,3472870000
2/12/18,2636.75,2672.61,2622.45,2656,2656,4055790000
2/9/18,2601.78,2638.67,2532.69,2619.55,2619.55,5680070000
2/8/18,2685.01,2685.27,2580.56,2581,2581,5305440000
2/7/18,2690.95,2727.67,2681.33,2681.66,2681.66,4626570000
2/6/18,2614.78,2701.04,2593.07,2695.14,2695.14,5891660000
2/5/18,2741.06,2763.39,2638.17,2648.94,2648.94,5283460000
2/2/18,2808.92,2808.92,2759.97,2762.13,2762.13,4301130000
2/1/18,2816.45,2835.96,2812.7,2821.98,2821.98,3938450000
1/31/18,2832.41,2839.26,2813.04,2823.81,2823.81,4261280000
1/30/18,2832.74,2837.75,2818.27,2822.43,2822.43,3990650000
1/29/18,2867.23,2870.62,2851.48,2853.53,2853.53,3573830000
1/26/18,2847.48,2872.87,2846.18,2872.87,2872.87,3443230000
1/25/18,2846.24,2848.56,2830.94,2839.25,2839.25,3835150000
1/24/18,2845.42,2852.97,2824.81,2837.54,2837.54,4014070000
1/23/18,2835.05,2842.24,2830.59,2839.13,2839.13,3519650000
1/22/18,2809.16,2833.03,2808.12,2832.97,2832.97,3471780000
1/19/18,2802.6,2810.33,2798.08,2810.3,2810.3,3639430000
1/18/18,2802.4,2805.83,2792.56,2798.03,2798.03,3681470000
1/17/18,2784.99,2807.04,2778.38,2802.56,2802.56,3778050000
1/16/18,2798.96,2807.54,2768.64,2776.42,2776.42,4325970000
1/12/18,2770.18,2787.85,2769.64,2786.24,2786.24,3573970000
1/11/18,2752.97,2767.56,2752.78,2767.56,2767.56,3641320000
1/10/18,2745.55,2750.8,2736.06,2748.23,2748.23,3576350000
1/9/18,2751.15,2759.14,2747.86,2751.29,2751.29,3453480000
1/8/18,2742.67,2748.51,2737.6,2747.71,2747.71,3242650000
1/5/18,2731.33,2743.45,2727.92,2743.15,2743.15,3236620000
1/4/18,2719.31,2729.29,2719.07,2723.99,2723.99,3695260000
1/3/18,2697.85,2714.37,2697.77,2713.06,2713.06,3538660000
1/2/18,2683.73,2695.89,2682.36,2695.81,2695.81,3367250000
12/29/17,2689.15,2692.12,2673.61,2673.61,2673.61,2443490000
12/28/17,2686.1,2687.66,2682.69,2687.54,2687.54,2153330000
12/27/17,2682.1,2685.64,2678.91,2682.62,2682.62,2202080000
12/26/17,2679.09,2682.74,2677.96,2680.5,2680.5,1968780000
12/22/17,2684.22,2685.35,2678.13,2683.34,2683.34,2399830000
12/21/17,2683.02,2692.64,2682.4,2684.57,2684.57,3273390000
12/20/17,2688.18,2691.01,2676.11,2679.25,2679.25,3241030000
12/19/17,2692.71,2694.44,2680.74,2681.47,2681.47,3368590000
12/18/17,2685.92,2694.97,2685.92,2690.16,2690.16,3724660000
12/15/17,2660.63,2679.63,2659.14,2675.81,2675.81,5723920000
12/14/17,2665.87,2668.09,2652.01,2652.01,2652.01,3430030000
12/13/17,2667.59,2671.88,2662.85,2662.85,2662.85,3542370000
12/12/17,2661.73,2669.72,2659.78,2664.11,2664.11,3555680000
12/11/17,2652.19,2660.33,2651.47,2659.99,2659.99,3091950000
12/8/17,2646.21,2651.65,2644.1,2651.5,2651.5,3106150000
12/7/17,2628.38,2640.99,2626.53,2636.98,2636.98,3292400000
12/6/17,2626.24,2634.41,2624.75,2629.27,2629.27,3229000000
12/5/17,2639.78,2648.72,2627.73,2629.57,2629.57,3539040000
12/4/17,2657.19,2665.19,2639.03,2639.44,2639.44,4023150000
12/1/17,2645.1,2650.62,2605.52,2642.22,2642.22,3942320000
11/30/17,2633.93,2657.74,2633.93,2647.58,2647.58,4938490000
11/29/17,2627.82,2634.89,2620.32,2626.07,2626.07,4078280000
11/28/17,2605.94,2627.69,2605.44,2627.04,2627.04,3488420000
11/27/17,2602.66,2606.41,2598.87,2601.42,2601.42,3006860000
11/24/17,2600.42,2604.21,2600.42,2602.42,2602.42,1349780000
11/22/17,2600.31,2600.94,2595.23,2597.08,2597.08,2762950000
11/21/17,2589.17,2601.19,2589.17,2599.03,2599.03,3332720000
11/20/17,2579.49,2584.64,2578.24,2582.14,2582.14,3003540000
11/17/17,2582.94,2583.96,2577.62,2578.85,2578.85,3300160000
11/16/17,2572.95,2590.09,2572.95,2585.64,2585.64,3312710000
11/15/17,2569.45,2572.84,2557.45,2564.62,2564.62,3558890000
11/14/17,2577.75,2579.66,2566.56,2578.87,2578.87,3641760000
11/13/17,2576.53,2587.66,2574.48,2584.84,2584.84,3402930000
11/10/17,2580.18,2583.81,2575.57,2582.3,2582.3,3486910000
11/9/17,2584,2586.5,2566.33,2584.62,2584.62,3831610000
11/8/17,2588.71,2595.47,2585.02,2594.38,2594.38,3899360000
11/7/17,2592.11,2597.02,2584.35,2590.64,2590.64,3809650000
11/6/17,2587.47,2593.38,2585.66,2591.13,2591.13,3539080000
11/3/17,2581.93,2588.42,2576.77,2587.84,2587.84,3567710000
11/2/17,2579.46,2581.11,2566.17,2579.85,2579.85,4048270000
11/1/17,2583.21,2588.4,2574.92,2579.36,2579.36,3813180000
10/31/17,2575.99,2578.29,2572.15,2575.26,2575.26,3827230000
10/30/17,2577.75,2580.03,2568.25,2572.83,2572.83,3658870000
10/27/17,2570.26,2582.98,2565.94,2581.07,2581.07,3887110000
10/26/17,2560.08,2567.07,2559.8,2560.4,2560.4,3869050000
10/25/17,2566.52,2567.4,2544,2557.15,2557.15,3874510000
10/24/17,2568.66,2572.18,2565.58,2569.13,2569.13,3427330000
10/23/17,2578.08,2578.29,2564.33,2564.98,2564.98,3211710000
10/20/17,2567.56,2575.44,2567.56,2575.21,2575.21,3384650000
10/19/17,2553.39,2562.36,2547.92,2562.1,2562.1,2990710000
10/18/17,2562.87,2564.11,2559.67,2561.26,2561.26,2998090000
10/17/17,2557.17,2559.71,2554.69,2559.36,2559.36,2889390000
10/16/17,2555.57,2559.47,2552.64,2557.64,2557.64,2916020000
10/13/17,2555.66,2557.65,2552.09,2553.17,2553.17,3149440000
10/12/17,2552.88,2555.33,2548.31,2550.93,2550.93,3151510000
10/11/17,2550.62,2555.24,2547.95,2555.24,2555.24,2976090000
10/10/17,2549.99,2555.23,2544.86,2550.64,2550.64,2960500000
10/9/17,2551.39,2551.82,2541.6,2544.73,2544.73,2483970000
10/6/17,2547.44,2549.41,2543.79,2549.33,2549.33,2884570000
10/5/17,2540.86,2552.51,2540.02,2552.07,2552.07,3045120000
10/4/17,2533.48,2540.53,2531.8,2537.74,2537.74,3017120000
10/3/17,2530.34,2535.13,2528.85,2534.58,2534.58,3068850000
10/2/17,2521.2,2529.23,2520.4,2529.12,2529.12,3199730000
9/29/17,2509.96,2519.44,2507.99,2519.36,2519.36,3211920000
9/28/17,2503.41,2510.81,2502.93,2510.06,2510.06,3168620000
9/27/17,2503.3,2511.75,2495.91,2507.04,2507.04,3456030000
9/26/17,2501.04,2503.51,2495.12,2496.84,2496.84,3043110000
9/25/17,2499.39,2502.54,2488.03,2496.66,2496.66,3297890000
9/22/17,2497.26,2503.47,2496.54,2502.22,2502.22,2865960000
9/21/17,2507.16,2507.16,2499,2500.6,2500.6,2930860000
9/20/17,2506.84,2508.85,2496.67,2508.24,2508.24,3530010000
9/19/17,2506.29,2507.84,2503.19,2506.65,2506.65,3249100000
9/18/17,2502.51,2508.32,2499.92,2503.87,2503.87,3194300000
9/15/17,2495.67,2500.23,2493.16,2500.23,2500.23,4853170000
9/14/17,2494.56,2498.43,2491.35,2495.62,2495.62,3414460000
9/13/17,2493.89,2498.37,2492.14,2498.37,2498.37,3368050000
9/12/17,2491.94,2496.77,2490.37,2496.48,2496.48,3230920000
9/11/17,2474.52,2488.95,2474.52,2488.11,2488.11,3291760000
9/8/17,2462.25,2467.11,2459.4,2461.43,2461.43,3302490000
9/7/17,2468.06,2468.62,2460.29,2465.1,2465.1,3353930000
9/6/17,2463.83,2469.64,2459.2,2465.54,2465.54,3374410000
9/5/17,2470.35,2471.97,2446.55,2457.85,2457.85,3490260000
9/1/17,2474.42,2480.38,2473.85,2476.55,2476.55,2710730000
8/31/17,2462.65,2475.01,2462.65,2471.65,2471.65,3348110000
8/30/17,2446.06,2460.31,2443.77,2457.59,2457.59,2633660000
8/29/17,2431.94,2449.19,2428.2,2446.3,2446.3,2737580000
8/28/17,2447.35,2449.12,2439.03,2444.24,2444.24,2677700000
8/25/17,2444.72,2453.96,2442.22,2443.05,2443.05,2588780000
8/24/17,2447.91,2450.39,2436.19,2438.97,2438.97,2846590000
8/23/17,2444.88,2448.91,2441.42,2444.04,2444.04,2785290000
8/22/17,2433.75,2454.77,2433.67,2452.51,2452.51,2777490000
8/21/17,2425.5,2430.58,2417.35,2428.37,2428.37,2788150000
8/18/17,2427.64,2440.27,2420.69,2425.55,2425.55,3415680000
8/17/17,2462.95,2465.02,2430.01,2430.01,2430.01,3142620000
8/16/17,2468.63,2474.93,2463.86,2468.11,2468.11,2953650000
8/15/17,2468.66,2468.9,2461.61,2464.61,2464.61,2913100000
8/14/17,2454.96,2468.22,2454.96,2465.84,2465.84,2822550000
8/11/17,2441.04,2448.09,2437.85,2441.32,2441.32,3159930000
8/10/17,2465.38,2465.38,2437.75,2438.21,2438.21,3621070000
8/9/17,2465.35,2474.41,2462.08,2474.02,2474.02,3308060000
8/8/17,2478.35,2490.87,2470.32,2474.92,2474.92,3344640000
8/7/17,2477.14,2480.95,2475.88,2480.91,2480.91,2931780000
8/4/17,2476.88,2480,2472.08,2476.83,2476.83,3235140000
8/3/17,2476.03,2476.03,2468.85,2472.16,2472.16,3645020000
8/2/17,2480.38,2480.38,2466.48,2477.57,2477.57,3478580000
8/1/17,2477.1,2478.51,2471.14,2476.35,2476.35,3460860000
7/31/17,2475.94,2477.96,2468.53,2470.3,2470.3,3469210000
7/28/17,2469.12,2473.53,2464.66,2472.1,2472.1,3294770000
7/27/17,2482.76,2484.04,2459.93,2475.42,2475.42,3995520000
7/26/17,2479.97,2481.69,2474.94,2477.83,2477.83,3557020000
7/25/17,2477.88,2481.24,2474.91,2477.13,2477.13,4108060000
7/24/17,2472.04,2473.1,2466.32,2469.91,2469.91,3010240000
7/21/17,2467.4,2472.54,2465.06,2472.54,2472.54,3059570000
7/20/17,2475.56,2477.62,2468.43,2473.45,2473.45,3182780000
7/19/17,2463.85,2473.83,2463.85,2473.83,2473.83,3059760000
7/18/17,2455.88,2460.92,2450.34,2460.61,2460.61,2962130000
7/17/17,2459.5,2462.82,2457.16,2459.14,2459.14,2793170000
7/14/17,2449.16,2463.54,2446.69,2459.27,2459.27,2736640000
7/13/17,2444.99,2449.32,2441.69,2447.83,2447.83,3067670000
7/12/17,2435.75,2445.76,2435.75,2443.25,2443.25,3171620000
7/11/17,2427.35,2429.3,2412.79,2425.53,2425.53,3106750000
7/10/17,2424.51,2432,2422.27,2427.43,2427.43,2999130000
7/7/17,2413.52,2426.92,2413.52,2425.18,2425.18,2901330000
7/6/17,2423.44,2424.28,2407.7,2409.75,2409.75,3364520000
7/5/17,2430.78,2434.9,2422.05,2432.54,2432.54,3367220000
7/3/17,2431.39,2439.17,2428.69,2429.01,2429.01,1962290000
6/30/17,2429.2,2432.71,2421.65,2423.41,2423.41,3361590000
6/29/17,2442.38,2442.73,2405.7,2419.7,2419.7,3900280000
6/28/17,2428.7,2442.97,2428.02,2440.69,2440.69,3500800000
6/27/17,2436.34,2440.15,2419.38,2419.38,2419.38,3563910000
6/26/17,2443.32,2450.42,2437.03,2439.07,2439.07,3238970000
6/23/17,2434.65,2441.4,2431.11,2438.3,2438.3,5278330000
6/22/17,2437.4,2441.62,2433.27,2434.5,2434.5,3468210000
6/21/17,2439.31,2442.23,2430.74,2435.61,2435.61,3594820000
6/20/17,2450.66,2450.66,2436.6,2437.03,2437.03,3416510000
6/19/17,2442.55,2453.82,2441.79,2453.46,2453.46,3264700000
6/16/17,2431.24,2433.15,2422.88,2433.15,2433.15,5284720000
6/15/17,2424.14,2433.95,2418.53,2432.46,2432.46,3353050000
6/14/17,2443.75,2443.75,2428.34,2437.92,2437.92,3555590000
6/13/17,2434.15,2441.49,2431.28,2440.35,2440.35,3275500000
6/12/17,2425.88,2430.38,2419.97,2429.39,2429.39,4027750000
6/9/17,2436.39,2446.2,2415.7,2431.77,2431.77,4027340000
6/8/17,2434.27,2439.27,2427.94,2433.79,2433.79,3728860000
6/7/17,2432.03,2435.28,2424.75,2433.14,2433.14,3572300000
6/6/17,2431.92,2436.21,2428.12,2429.33,2429.33,3357840000
6/5/17,2437.83,2439.55,2434.32,2436.1,2436.1,2912600000
6/2/17,2431.28,2440.23,2427.71,2439.07,2439.07,3461680000
6/1/17,2415.65,2430.06,2413.54,2430.06,2430.06,3857140000
5/31/17,2415.63,2415.99,2403.59,2411.8,2411.8,4516110000
5/30/17,2411.67,2415.26,2409.43,2412.91,2412.91,3203160000
5/26/17,2414.5,2416.68,2412.2,2415.82,2415.82,2805040000
5/25/17,2409.54,2418.71,2408.01,2415.07,2415.07,3535390000
5/24/17,2401.41,2405.58,2397.99,2404.39,2404.39,3389900000
5/23/17,2397.04,2400.85,2393.88,2398.42,2398.42,3213570000
5/22/17,2387.21,2395.46,2386.92,2394.02,2394.02,3172830000
5/19/17,2371.37,2389.06,2370.43,2381.73,2381.73,3825160000
5/18/17,2354.69,2375.74,2352.72,2365.72,2365.72,4319420000
5/17/17,2382.95,2384.87,2356.21,2357.03,2357.03,4163000000
5/16/17,2404.55,2405.77,2396.05,2400.67,2400.67,3420790000
5/15/17,2393.98,2404.05,2393.94,2402.32,2402.32,3473600000
5/12/17,2392.44,2392.44,2387.19,2390.9,2390.9,3305630000
5/11/17,2394.84,2395.72,2381.74,2394.44,2394.44,3727420000
5/10/17,2396.79,2399.74,2392.79,2399.63,2399.63,3643530000
5/9/17,2401.58,2403.87,2392.44,2396.92,2396.92,3653590000
5/8/17,2399.94,2401.36,2393.92,2399.38,2399.38,3429440000
5/5/17,2392.37,2399.29,2389.38,2399.29,2399.29,3540140000
5/4/17,2389.79,2391.43,2380.35,2389.52,2389.52,4362540000
5/3/17,2386.5,2389.82,2379.75,2388.13,2388.13,3893990000
5/2/17,2391.05,2392.93,2385.82,2391.17,2391.17,3813680000
5/1/17,2388.5,2394.49,2384.83,2388.33,2388.33,3199240000
4/28/17,2393.68,2393.68,2382.36,2384.2,2384.2,3718270000
4/27/17,2389.7,2392.1,2382.68,2388.77,2388.77,4098460000
4/26/17,2388.98,2398.16,2386.78,2387.45,2387.45,4105920000
4/25/17,2381.51,2392.48,2381.15,2388.61,2388.61,3995240000
4/24/17,2370.33,2376.98,2369.19,2374.15,2374.15,3690650000
4/21/17,2354.74,2356.18,2344.51,2348.69,2348.69,3503360000
4/20/17,2342.69,2361.37,2340.91,2355.84,2355.84,3647420000
4/19/17,2346.79,2352.63,2335.05,2338.17,2338.17,3519900000
4/18/17,2342.53,2348.35,2334.54,2342.19,2342.19,3269840000
4/17/17,2332.62,2349.14,2332.51,2349.01,2349.01,2824710000
4/13/17,2341.98,2348.26,2328.95,2328.95,2328.95,3143890000
4/12/17,2352.15,2352.72,2341.18,2344.93,2344.93,3196950000
4/11/17,2353.92,2355.22,2337.25,2353.78,2353.78,3117420000
4/10/17,2357.16,2366.37,2351.5,2357.16,2357.16,2785410000
4/7/17,2356.59,2363.76,2350.74,2355.54,2355.54,3053150000
4/6/17,2353.79,2364.16,2348.9,2357.49,2357.49,3201920000
4/5/17,2366.59,2378.36,2350.52,2352.95,2352.95,3770520000
4/4/17,2354.76,2360.53,2350.72,2360.16,2360.16,3206240000
4/3/17,2362.34,2365.87,2344.73,2358.84,2358.84,3416400000
3/31/17,2364.82,2370.35,2362.6,2362.72,2362.72,3354110000
3/30/17,2361.31,2370.42,2358.58,2368.06,2368.06,3158420000
3/29/17,2356.54,2363.36,2352.94,2361.13,2361.13,3106940000
3/28/17,2339.79,2363.78,2337.63,2358.57,2358.57,3367780000
3/27/17,2329.11,2344.9,2322.25,2341.59,2341.59,3240230000
3/24/17,2350.42,2356.22,2335.74,2343.98,2343.98,2975130000
3/23/17,2345.97,2358.92,2342.13,2345.96,2345.96,3260600000
3/22/17,2343,2351.81,2336.45,2348.45,2348.45,3572730000
3/21/17,2379.32,2381.93,2341.9,2344.02,2344.02,4265590000
3/20/17,2378.24,2379.55,2369.66,2373.47,2373.47,3054930000
3/17/17,2383.71,2385.71,2377.64,2378.25,2378.25,5178040000
3/16/17,2387.71,2388.1,2377.18,2381.38,2381.38,3365660000
3/15/17,2370.34,2390.01,2368.94,2385.26,2385.26,3906840000
3/14/17,2368.55,2368.55,2358.18,2365.45,2365.45,3172630000
3/13/17,2371.56,2374.42,2368.52,2373.47,2373.47,3133900000
3/10/17,2372.52,2376.86,2363.04,2372.6,2372.6,3432950000
3/9/17,2363.49,2369.08,2354.54,2364.87,2364.87,3716340000
3/8/17,2369.81,2373.09,2361.01,2362.98,2362.98,3812100000
3/7/17,2370.74,2375.12,2365.51,2368.39,2368.39,3518390000
3/6/17,2375.23,2378.8,2367.98,2375.31,2375.31,3232700000
3/3/17,2380.92,2383.89,2375.39,2383.12,2383.12,3555260000
3/2/17,2394.75,2394.75,2380.17,2381.92,2381.92,3821320000
3/1/17,2380.13,2400.98,2380.13,2395.96,2395.96,4345180000
2/28/17,2366.08,2367.79,2358.96,2363.64,2363.64,4210140000
2/27/17,2365.23,2371.54,2361.87,2369.75,2369.75,3582610000
2/24/17,2355.73,2367.34,2352.87,2367.34,2367.34,3831570000
2/23/17,2367.5,2368.26,2355.09,2363.81,2363.81,4015260000
2/22/17,2361.11,2365.13,2358.34,2362.82,2362.82,3468670000
2/21/17,2354.91,2366.71,2354.91,2365.38,2365.38,3579780000
2/17/17,2343.01,2351.16,2339.58,2351.16,2351.16,3513060000
2/16/17,2349.64,2351.31,2338.87,2347.22,2347.22,3672370000
2/15/17,2335.58,2351.3,2334.81,2349.25,2349.25,3775590000
2/14/17,2326.12,2337.58,2322.17,2337.58,2337.58,3520910000
2/13/17,2321.72,2331.58,2321.42,2328.25,2328.25,3349730000
2/10/17,2312.27,2319.23,2311.1,2316.1,2316.1,3475020000
2/9/17,2296.7,2311.08,2296.61,2307.87,2307.87,3677940000
2/8/17,2289.55,2295.91,2285.38,2294.67,2294.67,3609740000
2/7/17,2295.87,2299.4,2290.16,2293.08,2293.08,3448690000
2/6/17,2294.28,2296.18,2288.57,2292.56,2292.56,3109050000
2/3/17,2288.54,2298.31,2287.88,2297.42,2297.42,3597970000
2/2/17,2276.69,2283.97,2271.65,2280.85,2280.85,3807710000
2/1/17,2285.59,2289.14,2272.44,2279.55,2279.55,3916610000
1/31/17,2274.02,2279.09,2267.21,2278.87,2278.87,4087450000
1/30/17,2286.01,2286.01,2268.04,2280.9,2280.9,3591270000
1/27/17,2299.02,2299.02,2291.62,2294.69,2294.69,3135890000
1/26/17,2298.63,2300.99,2294.08,2296.68,2296.68,3610360000
1/25/17,2288.88,2299.55,2288.88,2298.37,2298.37,3846020000
1/24/17,2267.88,2284.63,2266.68,2280.07,2280.07,3810960000
1/23/17,2267.78,2271.78,2257.02,2265.2,2265.2,3152710000
1/20/17,2269.96,2276.96,2265.01,2271.31,2271.31,3524970000
1/19/17,2271.9,2274.33,2258.41,2263.69,2263.69,3165970000
1/18/17,2269.14,2272.01,2263.35,2271.89,2271.89,3315250000
1/17/17,2269.14,2272.08,2262.81,2267.89,2267.89,3584990000
1/13/17,2272.74,2278.68,2271.51,2274.64,2274.64,3081270000
1/12/17,2271.14,2271.78,2254.25,2270.44,2270.44,3462130000
1/11/17,2268.6,2275.32,2260.83,2275.32,2275.32,3620410000
1/10/17,2269.72,2279.27,2265.27,2268.9,2268.9,3638790000
1/9/17,2273.59,2275.49,2268.9,2268.9,2268.9,3217610000
1/6/17,2271.14,2282.1,2264.06,2276.98,2276.98,3339890000
1/5/17,2268.18,2271.5,2260.45,2269,2269,3761820000
1/4/17,2261.6,2272.82,2261.6,2270.75,2270.75,3764890000
1/3/17,2251.57,2263.88,2245.13,2257.83,2257.83,3770530000
12/30/16,2251.61,2253.58,2233.62,2238.83,2238.83,2670900000
12/29/16,2249.5,2254.51,2244.56,2249.26,2249.26,2336370000
12/28/16,2270.23,2271.31,2249.11,2249.92,2249.92,2392360000
12/27/16,2266.23,2273.82,2266.15,2268.88,2268.88,1987080000
12/23/16,2260.25,2263.79,2258.84,2263.79,2263.79,2020550000
12/22/16,2262.93,2263.18,2256.08,2260.96,2260.96,2876320000
12/21/16,2270.54,2271.23,2265.15,2265.18,2265.18,2852230000
12/20/16,2266.5,2272.56,2266.14,2270.76,2270.76,3298780000
12/19/16,2259.24,2267.47,2258.21,2262.53,2262.53,3248370000
12/16/16,2266.81,2268.05,2254.24,2258.07,2258.07,5920340000
12/15/16,2253.77,2272.12,2253.77,2262.03,2262.03,4168200000
12/14/16,2268.35,2276.2,2248.44,2253.28,2253.28,4406970000
12/13/16,2263.32,2277.53,2263.32,2271.72,2271.72,3857590000
12/12/16,2258.83,2264.03,2252.37,2256.96,2256.96,4034510000
12/9/16,2249.73,2259.8,2249.23,2259.53,2259.53,3884480000
12/8/16,2241.13,2251.69,2237.57,2246.19,2246.19,4200580000
12/7/16,2210.72,2241.63,2208.93,2241.35,2241.35,4501820000
12/6/16,2207.26,2212.78,2202.21,2212.23,2212.23,3855320000
12/5/16,2200.65,2209.42,2199.97,2204.71,2204.71,3895230000
12/2/16,2191.12,2197.95,2188.37,2191.95,2191.95,3779500000
12/1/16,2200.17,2202.6,2187.44,2191.08,2191.08,5063740000
11/30/16,2204.97,2214.1,2198.81,2198.81,2198.81,5533980000
11/29/16,2200.76,2210.46,2198.15,2204.66,2204.66,3706560000
11/28/16,2210.21,2211.14,2200.36,2201.72,2201.72,3505650000
11/25/16,2206.27,2213.35,2206.27,2213.35,2213.35,1584600000
11/23/16,2198.55,2204.72,2194.51,2204.72,2204.72,3418640000
11/22/16,2201.56,2204.8,2194.51,2202.94,2202.94,3957940000
11/21/16,2186.43,2198.7,2186.43,2198.18,2198.18,3607010000
11/18/16,2186.85,2189.89,2180.38,2181.9,2181.9,3572400000
11/17/16,2178.61,2188.06,2176.65,2187.12,2187.12,3809160000
11/16/16,2177.53,2179.22,2172.2,2176.94,2176.94,3830590000
11/15/16,2168.29,2180.84,2166.38,2180.39,2180.39,4543860000
11/14/16,2165.64,2171.36,2156.08,2164.2,2164.2,5367200000